file,original_size,original_sha256,published_encoding,published_size,published_sha256,notes
app/biomats.xml,65182,f380c2b37fcac7abcd3651aae577328656f8c968336ce00ec351a04494cb22b6,utf-8 (original bytes),65182,f380c2b37fcac7abcd3651aae577328656f8c968336ce00ec351a04494cb22b6,byte-identical
app/dop_fonts.ini,119,7135f60b19caa830a800058cf6f70b1e5df1a8518aea6bfc0887d8189848f1d9,utf-8 (original bytes),119,7135f60b19caa830a800058cf6f70b1e5df1a8518aea6bfc0887d8189848f1d9,byte-identical
app/fgis_ra/fsa_v02.xsd,22402,ce29eba059842e45acc13519740df4ec444edc5e5eab0df8ad703a4f9bdd3dae,utf-8 (original bytes),22402,ce29eba059842e45acc13519740df4ec444edc5e5eab0df8ad703a4f9bdd3dae,byte-identical
app/fgis_ra/xsl/prot.xsl,6130,1fe759202d1aec116c00f295ba61e75abbf7dd957db373de0db18649a91ebc82,utf-8 (original bytes),6130,1fe759202d1aec116c00f295ba61e75abbf7dd957db373de0db18649a91ebc82,byte-identical
app/fgis_ra/xsl/prot2.xsl,7714,fc0353e07c7768edb8caa5bd41d169d3e7578a45f8b5badcd5f33fc73edc5d3a,utf-8 (original bytes),7714,fc0353e07c7768edb8caa5bd41d169d3e7578a45f8b5badcd5f33fc73edc5d3a,byte-identical
app/fgis_ra/xsl/prot3.xsl,25726,76282e391ae00096fc1135ab19a0ec975abfc85ba8cd9d339dad6055d33d5105,utf-8 (original bytes),25726,76282e391ae00096fc1135ab19a0ec975abfc85ba8cd9d339dad6055d33d5105,byte-identical
app/fileProtocolLoad_v4.xsd,42700,470e6493740994900e62722708f479a190f0f1fb749a86fc318870c930ed137d,utf-8 (original bytes),42700,470e6493740994900e62722708f479a190f0f1fb749a86fc318870c930ed137d,byte-identical
app/html/data/api/dtree.css,795,1b89005e727ce5b6128e8f0e415cd8511d3cb871bfe8d2b16ee2a986e1b9c1c5,UTF-8 (transcoded from Windows-1251),796,d298ae11ae2b8da85dc33d79d1cef449dcfc1a54bd862de41a72fc384ea11d19,transcoded
app/html/data/api/dtree.js,12420,75f3a1250ed91d4cdfba6e740b8ae8cd6448fe95955baeb3a8a2fb898093da9a,UTF-8 (transcoded from Windows-1251),12421,d26a52c2c496798e7cef1dec2a0718ded668e046a36f7a2171c38142ee8296c8,transcoded
app/html/data/api/tree2.css,725,44670f0846e025f6b2513f5c76a4784cfdbded8cef34d399eda01b6083eb3ee9,utf-8 (original bytes),725,44670f0846e025f6b2513f5c76a4784cfdbded8cef34d399eda01b6083eb3ee9,byte-identical
app/html/data/css/styles.css,14192,fee1a3ca8738d00be954671e70a17986ab3b12ebfa08e596eca74941129d1c8e,utf-8 (original bytes),14192,fee1a3ca8738d00be954671e70a17986ab3b12ebfa08e596eca74941129d1c8e,byte-identical
app/html/data/empty.html,0,e3b0c44298fc1c149afbf4c8996fb92427ae41e4649b934ca495991b7852b855,utf-8 (original bytes),0,e3b0c44298fc1c149afbf4c8996fb92427ae41e4649b934ca495991b7852b855,byte-identical
app/html/index.html,155,47f117ff4286afb1f92afa7e46cb57d8801c7bb0a9fcb485709201608f40a6f5,utf-8 (original bytes),155,47f117ff4286afb1f92afa7e46cb57d8801c7bb0a9fcb485709201608f40a6f5,byte-identical
app/imp_ved/xsl/dangers.xsl,3255,b58c3919fca2433b847cbceb90fc40ef26c15da46adc107c590e50c668c51d04,utf-8 (original bytes),3255,b58c3919fca2433b847cbceb90fc40ef26c15da46adc107c590e50c668c51d04,byte-identical
app/imp_ved/xsl/fac_info.xsl,6981,1c242846729831623c99c9d383d99583a34ddc27fae044af61e26eb4b77b89f1,utf-8 (original bytes),6981,1c242846729831623c99c9d383d99583a34ddc27fae044af61e26eb4b77b89f1,byte-identical
app/imp_ved/xsl/fac_info10_1.xsl,7286,288849cea2f8c9eaa0858ec0363cc70267df300184790fa8657f8e0607355e66,utf-8 (original bytes),7286,288849cea2f8c9eaa0858ec0363cc70267df300184790fa8657f8e0607355e66,byte-identical
app/imp_ved/xsl/fac_info12.xsl,3363,6294569be6de75d4c10090ddef1b0ee287139d2e2bf3aa4380a7e92e6ce7c979,utf-8 (original bytes),3363,6294569be6de75d4c10090ddef1b0ee287139d2e2bf3aa4380a7e92e6ce7c979,byte-identical
app/imp_ved/xsl/fac_info12_1.xsl,3234,85e7e756d861225c5af6763996a2bea4acf9fd88d9bd2b00d737a528144277de,utf-8 (original bytes),3234,85e7e756d861225c5af6763996a2bea4acf9fd88d9bd2b00d737a528144277de,byte-identical
app/imp_ved/xsl/factors/fac11_01.xsl,7446,79dc43c4b77bcc8fe97c9068610ba70974fdc3e72acce0fd0d47b3dafe39202d,utf-8 (original bytes),7446,79dc43c4b77bcc8fe97c9068610ba70974fdc3e72acce0fd0d47b3dafe39202d,byte-identical
app/imp_ved/xsl/factors/fac12_01.xsl,9276,0b486a3339fa82f0910e80a429b60013fe5c81284921912b20c300b870918f74,utf-8 (original bytes),9276,0b486a3339fa82f0910e80a429b60013fe5c81284921912b20c300b870918f74,byte-identical
app/imp_ved/xsl/factors/fac13_01.xsl,19124,66985222857c646f0d374ae2ef65e61424c530d9019b540aa8d318d2c72e689a,utf-8 (original bytes),19124,66985222857c646f0d374ae2ef65e61424c530d9019b540aa8d318d2c72e689a,byte-identical
app/imp_ved/xsl/factors/fac14_01.xsl,15068,af7a4a6d198bbd51a7fed79c90c07e6c535a8d207dbcbe573dc653283af74268,utf-8 (original bytes),15068,af7a4a6d198bbd51a7fed79c90c07e6c535a8d207dbcbe573dc653283af74268,byte-identical
app/imp_ved/xsl/factors/fac1_01.xsl,7154,85a1a972d8c6dbed7d3784c5f6cd5a347f0a84da2daa39e4603ee3182f66aaef,utf-8 (original bytes),7154,85a1a972d8c6dbed7d3784c5f6cd5a347f0a84da2daa39e4603ee3182f66aaef,byte-identical
app/imp_ved/xsl/factors/fac1_02.xsl,7603,585ccfdd367fe15df105699c506ad42f46fb8f9d0b48a8c1b48af982603198c2,utf-8 (original bytes),7603,585ccfdd367fe15df105699c506ad42f46fb8f9d0b48a8c1b48af982603198c2,byte-identical
app/imp_ved/xsl/factors/fac26_01.xsl,7074,75fd75882b760ff4b606dcc4fc6eb25e794044f9707840cd80c1df14160b7644,utf-8 (original bytes),7074,75fd75882b760ff4b606dcc4fc6eb25e794044f9707840cd80c1df14160b7644,byte-identical
app/imp_ved/xsl/factors/fac3_01.xsl,6981,b49c4192f526ec611b19638aa9d2b782dada1b9a77da0280b959ff428ddb0843,utf-8 (original bytes),6981,b49c4192f526ec611b19638aa9d2b782dada1b9a77da0280b959ff428ddb0843,byte-identical
app/imp_ved/xsl/factors/fac4_01.xsl,7459,d4745b74b52f4ae86186cca51fcd0f088bfec0ce45baef8c046ff7efc27a0e15,utf-8 (original bytes),7459,d4745b74b52f4ae86186cca51fcd0f088bfec0ce45baef8c046ff7efc27a0e15,byte-identical
app/imp_ved/xsl/factors/fac5_01.xsl,7013,3b46527730396db32afbc8bfda1cf15b616182c31a7c130219ba70cced5d19d5,utf-8 (original bytes),7013,3b46527730396db32afbc8bfda1cf15b616182c31a7c130219ba70cced5d19d5,byte-identical
app/imp_ved/xsl/factors/fac5_02.xsl,8527,004ffa3d490bd9765b3e1f8a31902b12bd77ede20b8dfc8cf0c34abf3cc78502,utf-8 (original bytes),8527,004ffa3d490bd9765b3e1f8a31902b12bd77ede20b8dfc8cf0c34abf3cc78502,byte-identical
app/imp_ved/xsl/factors/fac6_01.xsl,7414,5fda9897c848381242900cdcdee05c522479766d17e48f5d15b4a1824203a9da,utf-8 (original bytes),7414,5fda9897c848381242900cdcdee05c522479766d17e48f5d15b4a1824203a9da,byte-identical
app/imp_ved/xsl/factors/fac7_01.xsl,6953,fd27334ce79a87eb0126fa6bdd9a88f0110076cd62078f72342ed71dc651a50d,utf-8 (original bytes),6953,fd27334ce79a87eb0126fa6bdd9a88f0110076cd62078f72342ed71dc651a50d,byte-identical
app/imp_ved/xsl/factors/fac8_01.xsl,6961,77e9bfa3ac07d1007918be73e3576a75cbadd3d28632204d03124901837781f0,utf-8 (original bytes),6961,77e9bfa3ac07d1007918be73e3576a75cbadd3d28632204d03124901837781f0,byte-identical
app/imp_ved/xsl/factors/fac91_01.xsl,8721,d51ab5a726f3f8e3d79d5782c120430e8a69de97aa5f80c63d4ebfd971b89420,utf-8 (original bytes),8721,d51ab5a726f3f8e3d79d5782c120430e8a69de97aa5f80c63d4ebfd971b89420,byte-identical
app/imp_ved/xsl/factors/fac92_01.xsl,6785,e62e2d9ef06d27b805fdf0d7358e5df89a36e6c4363e14ce669ef1513092e604,utf-8 (original bytes),6785,e62e2d9ef06d27b805fdf0d7358e5df89a36e6c4363e14ce669ef1513092e604,byte-identical
app/imp_ved/xsl/factors/fac93_01.xsl,5984,29ce6749065cf3c91154afbbc688a788205ac645427d218611126b3420b5eddb,utf-8 (original bytes),5984,29ce6749065cf3c91154afbbc688a788205ac645427d218611126b3420b5eddb,byte-identical
app/imp_ved/xsl/factors/fac94_01.xsl,7664,6b786ab904bbd97f3131e64c5198a2dba3c969c1ce7979066424556a94b51ae8,utf-8 (original bytes),7664,6b786ab904bbd97f3131e64c5198a2dba3c969c1ce7979066424556a94b51ae8,byte-identical
app/imp_ved/xsl/factors/fac_classic1_01.xsl,7259,4e44f949c669e7c24e0f2b6ae1f0f2788f2b37ca6280d98554a667000cb29d23,utf-8 (original bytes),7259,4e44f949c669e7c24e0f2b6ae1f0f2788f2b37ca6280d98554a667000cb29d23,byte-identical
app/imp_ved/xsl/factors/fac_classic3_01.xsl,7259,4e44f949c669e7c24e0f2b6ae1f0f2788f2b37ca6280d98554a667000cb29d23,utf-8 (original bytes),7259,4e44f949c669e7c24e0f2b6ae1f0f2788f2b37ca6280d98554a667000cb29d23,byte-identical
app/imp_ved/xsl/factors/fac_classic4_03.xsl,4464,9c9c61acb74998664c89c5c04ce31a1644e57a44da47cacd94a6b3473d1aad48,utf-8 (original bytes),4464,9c9c61acb74998664c89c5c04ce31a1644e57a44da47cacd94a6b3473d1aad48,byte-identical
app/imp_ved/xsl/factors/fac_classic5_03.xsl,4537,fa60808ac4e6e4be01acdd578091c87cbf5af8d595411d34c10a1592293a697c,utf-8 (original bytes),4537,fa60808ac4e6e4be01acdd578091c87cbf5af8d595411d34c10a1592293a697c,byte-identical
app/imp_ved/xsl/factors/fac_classic6_02.xsl,6184,820160dd28e3a71e4f37334448911aec24bcb21f72cd586f6dab613f3887958c,utf-8 (original bytes),6184,820160dd28e3a71e4f37334448911aec24bcb21f72cd586f6dab613f3887958c,byte-identical
app/imp_ved/xsl/factors/fac_classic7_04.xsl,5197,008e4d878f302023a12d6283f47357e28a32cf6cb907c36dc06a9c8bc127eef3,utf-8 (original bytes),5197,008e4d878f302023a12d6283f47357e28a32cf6cb907c36dc06a9c8bc127eef3,byte-identical
app/imp_ved/xsl/factors/fac_classic8_03.xsl,5237,2186239debc6d843703e848b488690df62db3ac9840603496b828e09cd07f9ed,utf-8 (original bytes),5237,2186239debc6d843703e848b488690df62db3ac9840603496b828e09cd07f9ed,byte-identical
app/imp_ved/xsl/s040.xsl,5794,b2b9e8ebe53990da8c077988dd7bcbe16aaee16fbe998dac90ecb4bea42d8532,utf-8 (original bytes),5794,b2b9e8ebe53990da8c077988dd7bcbe16aaee16fbe998dac90ecb4bea42d8532,byte-identical
app/imp_ved/xsl/s050.xsl,4264,723a7770981f1be88fa4be94a1bcdf1921c2b7a72723976668cb774b3837dd72,utf-8 (original bytes),4264,723a7770981f1be88fa4be94a1bcdf1921c2b7a72723976668cb774b3837dd72,byte-identical
app/mo_rules.xml,29508,f833f784c217879a1e386471fdfee4f5d3c50b40a92606a9db2d02f319e1b212,utf-8 (original bytes),29508,f833f784c217879a1e386471fdfee4f5d3c50b40a92606a9db2d02f319e1b212,byte-identical
app/model/res_orgs_files/fac13/main.xml,3129,b9ab9b33456a96095702890dcffee4a1bbd49d6623e480944778ab1f31dc08bc,utf-8 (original bytes),3129,b9ab9b33456a96095702890dcffee4a1bbd49d6623e480944778ab1f31dc08bc,byte-identical
app/model/res_orgs_files/fac14/main.xml,670,c259049fbeb1d7de072eca3e6d5fe666960fc5fe133e3d70aeb6a0a158d261da,utf-8 (original bytes),670,c259049fbeb1d7de072eca3e6d5fe666960fc5fe133e3d70aeb6a0a158d261da,byte-identical
app/model/res_orgs_files/fac14/mi2024.xml,949,864ff16e19a5825caad23e18bc9835e75beca90b6403674ac4e9ea34f2c4e749,utf-8 (original bytes),949,864ff16e19a5825caad23e18bc9835e75beca90b6403674ac4e9ea34f2c4e749,byte-identical
app/options.ini,4517,be0e90e16cf0046ed31a1eaa27ddbfbdc9a020831281f50ba60388ef382d958b,UTF-8 (transcoded from Windows-1251),6198,ab71e50aaed8e445168edbbf777d06a3645d5f7bcbbeb388776914dc0f9aac5b,transcoded
app/sout_1.xsd,810381,7f527349a72a44970b082a577f84d1b32b22f4d357bababc33deb75465340098,utf-8 (original bytes),810381,7f527349a72a44970b082a577f84d1b32b22f4d357bababc33deb75465340098,byte-identical
app/sout_prot.xsd,6374,adddccab455a3bda3c94d6ca2bc5a9a1b850f5c84ffa4fbc6ade24a214eed91b,utf-8 (original bytes),6374,adddccab455a3bda3c94d6ca2bc5a9a1b850f5c84ffa4fbc6ade24a214eed91b,byte-identical
app/xsl/dop_rep/dop_siz_rep01.xsl,4201,77af414ddb742a66fbd002cf9c9cd2d3892319b3e7e1677c90b1ec8aad02e225,utf-8 (original bytes),4201,77af414ddb742a66fbd002cf9c9cd2d3892319b3e7e1677c90b1ec8aad02e225,byte-identical
app/xsl/dop_rep/dop_siz_rep02.xsl,4826,556369e46a83ac5c7b7c4337a272ae1906fc0bb5aa4df4896ad4fe98c4692ca3,utf-8 (original bytes),4826,556369e46a83ac5c7b7c4337a272ae1906fc0bb5aa4df4896ad4fe98c4692ca3,byte-identical
app/xsl/dop_rep/rep_count01.xsl,3092,50fe067a24f49b054786f073f572aef383d114b59f347a2982fa9155cac6a771,utf-8 (original bytes),3092,50fe067a24f49b054786f073f572aef383d114b59f347a2982fa9155cac6a771,byte-identical
app/xsl/dop_rep/rep_obuch.xsl,8671,944ce14544659f5ee58bf060bba793f5ed11bcd892f8dd4be63b10792bb7fb31,utf-8 (original bytes),8671,944ce14544659f5ee58bf060bba793f5ed11bcd892f8dd4be63b10792bb7fb31,byte-identical
app/xsl/dop_rep/report201.xsl,5911,dc391caa869f754fb23a3e2712ba312dacaf8966042bf21aca5bf31e6dfae1fe,utf-8 (original bytes),5911,dc391caa869f754fb23a3e2712ba312dacaf8966042bf21aca5bf31e6dfae1fe,byte-identical
app/xsl/dop_rep/report30.xsl,22828,a5c9ffad61fa85fba363a950e5080f72eccc530ae577d9b350989e1e9cdac868,utf-8 (original bytes),22828,a5c9ffad61fa85fba363a950e5080f72eccc530ae577d9b350989e1e9cdac868,byte-identical
app/xsl/dop_rep/report31.xsl,2143,f0e7811dc643351faa8d48110ee5052153a448fb6764aa532711f2fcb257bc80,utf-8 (original bytes),2143,f0e7811dc643351faa8d48110ee5052153a448fb6764aa532711f2fcb257bc80,byte-identical
app/xsl/dop_rep/report32.xsl,11734,9ceb94d46f97c83be93321320367e4b2712cdcc0c55b2cfacdf6057988051c42,utf-8 (original bytes),11734,9ceb94d46f97c83be93321320367e4b2712cdcc0c55b2cfacdf6057988051c42,byte-identical
app/xsl/dop_rep/report3201.xsl,11837,3213ef7873d13b0b99607e70c4d7e70ac32e403e1790b9c269db970957faa256,utf-8 (original bytes),11837,3213ef7873d13b0b99607e70c4d7e70ac32e403e1790b9c269db970957faa256,byte-identical
app/xsl/dop_rep/report33.xsl,2774,787e6e2c0af865b598944caa95e03ee1e8cb6600aedb56214976de61b5901803,utf-8 (original bytes),2774,787e6e2c0af865b598944caa95e03ee1e8cb6600aedb56214976de61b5901803,byte-identical
app/xsl/dop_rep/report34.xsl,2770,b36565ee07bfd2203ab4231dea3d8c9a986c76de0b96fbf50b23f5a89ecc535e,utf-8 (original bytes),2770,b36565ee07bfd2203ab4231dea3d8c9a986c76de0b96fbf50b23f5a89ecc535e,byte-identical
app/xsl/dop_rep/report35.xsl,5531,c5a16e6dafe1cd6a888a5a3f96fc3e1e0d14a589f372ae3dd8d88ae1407453e7,utf-8 (original bytes),5531,c5a16e6dafe1cd6a888a5a3f96fc3e1e0d14a589f372ae3dd8d88ae1407453e7,byte-identical
app/xsl/dop_rep/report37.xsl,5608,810364beb3fb2aa4b2b65ebbfd39535a3703f4da5dc38d9ee42e8d6d1b03de91,utf-8 (original bytes),5608,810364beb3fb2aa4b2b65ebbfd39535a3703f4da5dc38d9ee42e8d6d1b03de91,byte-identical
app/xsl/dop_rep/report38.xsl,3211,2b304e830e64c32d3166ec4b7981043c28a3364322cfe08b98893c683073a69e,utf-8 (original bytes),3211,2b304e830e64c32d3166ec4b7981043c28a3364322cfe08b98893c683073a69e,byte-identical
app/xsl/dop_rep/report39.xsl,7785,15e11b61b64c958069c7627289d10421a02a7955fe872af193990e45a4784bb7,utf-8 (original bytes),7785,15e11b61b64c958069c7627289d10421a02a7955fe872af193990e45a4784bb7,byte-identical
app/xsl/dop_rep/report41.xsl,4588,afff9f8e3026fde6b97326dbc83b965e4747a86ebc876d30b3a4ac1eddd1473c,utf-8 (original bytes),4588,afff9f8e3026fde6b97326dbc83b965e4747a86ebc876d30b3a4ac1eddd1473c,byte-identical
app/xsl/dop_rep/report42.xsl,7262,bfe1242da29f295ca2e076918e65997285cddb6d267cefa097e17d9171a69a8b,utf-8 (original bytes),7262,bfe1242da29f295ca2e076918e65997285cddb6d267cefa097e17d9171a69a8b,byte-identical
app/xsl/dop_rep/report43.xsl,3607,92f961f884dc071e4d83b7bd288766ca23a39e50851ac468cefb6ab27a156b03,utf-8 (original bytes),3607,92f961f884dc071e4d83b7bd288766ca23a39e50851ac468cefb6ab27a156b03,byte-identical
app/xsl/dop_rep/report44.xsl,3120,2cd407b1d64d1d390503ea398eb80e478f82c8fa0f2475b7363c4affe09d7599,utf-8 (original bytes),3120,2cd407b1d64d1d390503ea398eb80e478f82c8fa0f2475b7363c4affe09d7599,byte-identical
app/xsl/dop_rep/report45.xsl,2909,5cb74703cc5d71781c109e2b396dc777921239794585ff146a81beee442eb23d,utf-8 (original bytes),2909,5cb74703cc5d71781c109e2b396dc777921239794585ff146a81beee442eb23d,byte-identical
app/xsl/dop_rep/report47.xsl,2317,c1a0e529bfe5993ba899b6b13c06b4e5476f410002db932bd9a9ea323b15dccd,utf-8 (original bytes),2317,c1a0e529bfe5993ba899b6b13c06b4e5476f410002db932bd9a9ea323b15dccd,byte-identical
app/xsl/dop_rep/report47_dop.xsl,23831,b31fc3743a92c1319029e7a3cb253f05ed42300b7ad22c9c7eb5fd2f61f30856,utf-8 (original bytes),23831,b31fc3743a92c1319029e7a3cb253f05ed42300b7ad22c9c7eb5fd2f61f30856,byte-identical
app/xsl/dop_rep/report48.xsl,2512,36e9c9aa4ee1d0783439838451bdb65e0a81016da6892e6e2c992bcb90fb00b7,utf-8 (original bytes),2512,36e9c9aa4ee1d0783439838451bdb65e0a81016da6892e6e2c992bcb90fb00b7,byte-identical
app/xsl/dop_rep/report48_dop.xsl,11978,c1ba252c7ad130408b927c670c09670ae57e852e3c809f4c5f0be97140fe578d,utf-8 (original bytes),11978,c1ba252c7ad130408b927c670c09670ae57e852e3c809f4c5f0be97140fe578d,byte-identical
app/xsl/dop_rep/report48_dop2.xsl,13185,eb0e9d1ebb75c53de0a2ebae341e1fe0ca7370b6a7ee19cf44ded74186f2032b,utf-8 (original bytes),13185,eb0e9d1ebb75c53de0a2ebae341e1fe0ca7370b6a7ee19cf44ded74186f2032b,byte-identical
app/xsl/dop_rep/report49.xsl,7066,c6dc7fdc0809dc18d1cad4f622f46aa82b308da6ea16eb7989c2623064d24876,utf-8 (original bytes),7066,c6dc7fdc0809dc18d1cad4f622f46aa82b308da6ea16eb7989c2623064d24876,byte-identical
app/xsl/dop_rep/report50.xsl,5334,65d07003cc230a1c8f321e2276d28f8cf90823243195c782c4f9b96b8758e38c,utf-8 (original bytes),5334,65d07003cc230a1c8f321e2276d28f8cf90823243195c782c4f9b96b8758e38c,byte-identical
app/xsl/dop_rep/report51.xsl,9492,2be693b3eac2f86996538b4056ce0dd65389551e47c987dbefb1fd8b5d2118d2,utf-8 (original bytes),9492,2be693b3eac2f86996538b4056ce0dd65389551e47c987dbefb1fd8b5d2118d2,byte-identical
app/xsl/dop_rep/report52.xsl,6192,71d853b929de665d3f98a6143792e292cf125ef3336835f62e4d9f127d7869b7,utf-8 (original bytes),6192,71d853b929de665d3f98a6143792e292cf125ef3336835f62e4d9f127d7869b7,byte-identical
app/xsl/dop_rep/report53.xsl,4357,07b2634c5509c6e57c25d0667eb7e7e9a50c29efd601a6d89345de28f9239237,utf-8 (original bytes),4357,07b2634c5509c6e57c25d0667eb7e7e9a50c29efd601a6d89345de28f9239237,byte-identical
app/xsl/dop_rep/report54.xsl,4280,8ce3e33c7eb687a82cd23f8158d6f5657cfc54ff18c932b61aadb8a41278d400,utf-8 (original bytes),4280,8ce3e33c7eb687a82cd23f8158d6f5657cfc54ff18c932b61aadb8a41278d400,byte-identical
app/xsl/dop_rep/report56.xsl,5802,b80f5dd12fdd2757fedb527652371a1900aa7796a82c114f5361d8a03f62eff9,utf-8 (original bytes),5802,b80f5dd12fdd2757fedb527652371a1900aa7796a82c114f5361d8a03f62eff9,byte-identical
app/xsl/dop_rep/report57.xsl,4883,f6f927b61d3450a9ce9222b1c6098cdecf49db62fe6bad2e906f6e4f68559122,utf-8 (original bytes),4883,f6f927b61d3450a9ce9222b1c6098cdecf49db62fe6bad2e906f6e4f68559122,byte-identical
app/xsl/dop_rep/report58.xsl,4343,ea9043755626707f168ca9e384dca410785cbb3bb3f2d3c02a958455b4a6a0b3,utf-8 (original bytes),4343,ea9043755626707f168ca9e384dca410785cbb3bb3f2d3c02a958455b4a6a0b3,byte-identical
app/xsl/dop_rep/report59.xsl,18279,68a869580d8278ff676793c17cc8f98d08a0a22e0ea63c606675f880c2717162,utf-8 (original bytes),18279,68a869580d8278ff676793c17cc8f98d08a0a22e0ea63c606675f880c2717162,byte-identical
app/xsl/dop_rep/report60.xsl,16605,93659feaafb6f081f55179da9fd2b8f110b00631a18c984a16c766f9f491eba1,utf-8 (original bytes),16605,93659feaafb6f081f55179da9fd2b8f110b00631a18c984a16c766f9f491eba1,byte-identical
app/xsl/dop_rep/report61.xsl,4119,3fcdcba6605f6de8a75a6031aa606572a94226d46da453daa126d7d793c48ae2,utf-8 (original bytes),4119,3fcdcba6605f6de8a75a6031aa606572a94226d46da453daa126d7d793c48ae2,byte-identical
app/xsl/dop_rep/report64.xsl,10533,91e8d1e5f9a28b5f01b10a0734dccf1cad4e4fe2f023d0dfd0d311b0e927997d,utf-8 (original bytes),10533,91e8d1e5f9a28b5f01b10a0734dccf1cad4e4fe2f023d0dfd0d311b0e927997d,byte-identical
app/xsl/dop_rep/report65.xsl,13625,2f6c87a354b5e957316592433360ff16dd18c388b615aeacd21bd8dcd9cf912c,utf-8 (original bytes),13625,2f6c87a354b5e957316592433360ff16dd18c388b615aeacd21bd8dcd9cf912c,byte-identical
app/xsl/dop_rep/report66.xsl,9865,0a8fcda6d3a25f948a830957738bcc10356e968ac7942c4da45a5fd5983c0831,utf-8 (original bytes),9865,0a8fcda6d3a25f948a830957738bcc10356e968ac7942c4da45a5fd5983c0831,byte-identical
app/xsl/dop_rep/report67.xsl,11384,4aa23c630d56648414ed1dcbfd31b3b0efe36c3ac390f9accece9171a21582c8,utf-8 (original bytes),11384,4aa23c630d56648414ed1dcbfd31b3b0efe36c3ac390f9accece9171a21582c8,byte-identical
app/xsl/dop_rep/report68.xsl,6030,3a0010ec923bb8823fd29db71c297ad5c0fb02659b73782d114c3ae8bc64c37b,utf-8 (original bytes),6030,3a0010ec923bb8823fd29db71c297ad5c0fb02659b73782d114c3ae8bc64c37b,byte-identical
app/xsl/dop_rep/report69.xsl,1816,a347152e06e7d9ac307a1118dc7384a885ab81b552040a14b5ccd7ee746c7117,utf-8 (original bytes),1816,a347152e06e7d9ac307a1118dc7384a885ab81b552040a14b5ccd7ee746c7117,byte-identical
app/xsl/dop_rep/report70.xsl,16518,1420d2ec89656fc65e9a21824858ab5b00d60410906ae91f8f4442b32c8d39e2,utf-8 (original bytes),16518,1420d2ec89656fc65e9a21824858ab5b00d60410906ae91f8f4442b32c8d39e2,byte-identical
app/xsl/dop_rep/report71.xsl,4578,3760d1a8b86dd80ad0d9d08edc45231baef9f46d08f0621e9ad7a0f33d04629d,utf-8 (original bytes),4578,3760d1a8b86dd80ad0d9d08edc45231baef9f46d08f0621e9ad7a0f33d04629d,byte-identical
app/xsl/dop_rep/report72.xsl,3650,85847690d787142940bf41af31df382d2905232ca3254772ca6099a14a7e83db,utf-8 (original bytes),3650,85847690d787142940bf41af31df382d2905232ca3254772ca6099a14a7e83db,byte-identical
app/xsl/dop_rep/report74.xsl,11030,b3c6242a2b8ea4df4b073e0b6d06b37f328270eeea978810c33eba12bebe8ecd,utf-8 (original bytes),11030,b3c6242a2b8ea4df4b073e0b6d06b37f328270eeea978810c33eba12bebe8ecd,byte-identical
app/xsl/dop_rep/report75.xsl,7330,c9a33cff21d567ba08a3dc6f4026ea71be315b6b8c30102840a14ab72835902b,utf-8 (original bytes),7330,c9a33cff21d567ba08a3dc6f4026ea71be315b6b8c30102840a14ab72835902b,byte-identical
app/xsl/dop_rep/report76.xsl,3173,4a43347aafc9427ba598dda5dd8f83fd3026a4b2d4f3e404372ae20dd43a7810,utf-8 (original bytes),3173,4a43347aafc9427ba598dda5dd8f83fd3026a4b2d4f3e404372ae20dd43a7810,byte-identical
app/xsl/dop_rep/siz_norms.xsl,6291,bd7f48804e7e6fda9aa5b4932c167346a1012fb5220d352f700a21772bb7e196,utf-8 (original bytes),6291,bd7f48804e7e6fda9aa5b4932c167346a1012fb5220d352f700a21772bb7e196,byte-identical
app/xsl/dop_rep/sv_rep_risk_form1.xsl,7397,fefb06cc6e9ea36aaf06d0b16ad7d5bd96eb041830663df5477bf48bf6e4e9e1,utf-8 (original bytes),7397,fefb06cc6e9ea36aaf06d0b16ad7d5bd96eb041830663df5477bf48bf6e4e9e1,byte-identical
app/xsl/dop_rep/sv_rep_risk_form1_2.xsl,7435,e304c6ec98d5e371ddd1717498cab1a5686da1e33439063c1aa8b9e302033636,utf-8 (original bytes),7435,e304c6ec98d5e371ddd1717498cab1a5686da1e33439063c1aa8b9e302033636,byte-identical
app/xsl/dop_rep/sv_rep_risk_form2.xsl,6157,bd2f9151806e77477db77b6b050579bd0937bd0e8fc4be0f5ea0158e77c58b2c,utf-8 (original bytes),6157,bd2f9151806e77477db77b6b050579bd0937bd0e8fc4be0f5ea0158e77c58b2c,byte-identical
app/xsl/dop_rep/sv_rep_risk_form2_2.xsl,6307,43fa5241577cfcc91e406c52c39c2d7a0d78ddcf3f9ac9ff39d8f208b5890cd2,utf-8 (original bytes),6307,43fa5241577cfcc91e406c52c39c2d7a0d78ddcf3f9ac9ff39d8f208b5890cd2,byte-identical
app/xsl/dop_rep/sv_rep_risk_form3.xsl,7558,ad0cc8e3c8963dd41844915c3ce1722328c10dd666da501b8d18d791a99ca247,utf-8 (original bytes),7558,ad0cc8e3c8963dd41844915c3ce1722328c10dd666da501b8d18d791a99ca247,byte-identical
app/xsl/dop_rep/sv_rep_risk_per_rm.xsl,7044,49dca5a2f0e282a2a0a2fc52528e42af3ffabec20acc24142a6c8c246a55f757,utf-8 (original bytes),7044,49dca5a2f0e282a2a0a2fc52528e42af3ffabec20acc24142a6c8c246a55f757,byte-identical
app/xsl/dop_rep/sv_ved_risk1.xsl,5814,a3040af63bc88df1c1c3135d07676eef908e5be1b3cb406beb4a840c7f830c1c,utf-8 (original bytes),5814,a3040af63bc88df1c1c3135d07676eef908e5be1b3cb406beb4a840c7f830c1c,byte-identical
app/xsl/dop_rep/workbook.xsl,19589,98e2c90b25ca598f2401f47caf0cfbdfbe993b339f0bed1c4ae9628be5fb0580,utf-8 (original bytes),19589,98e2c90b25ca598f2401f47caf0cfbdfbe993b339f0bed1c4ae9628be5fb0580,byte-identical
app/xsl/dop_rep/workbook_fact.xsl,14846,6ca07425d40c8077098f172858434eff6724f531ebbc948a4d774fc4ba7fd440,utf-8 (original bytes),14846,6ca07425d40c8077098f172858434eff6724f531ebbc948a4d774fc4ba7fd440,byte-identical
app/xsl/dop_rep/workbook_fact2.xsl,12407,1ac5cf72809afbb26033e8f32564bd974ed78514f53bd23161c9a298742cd5fa,utf-8 (original bytes),12407,1ac5cf72809afbb26033e8f32564bd974ed78514f53bd23161c9a298742cd5fa,byte-identical
app/xsl/dop_rep/workbook_fact3.xsl,15403,5d02e9b7f31547dce2b63cdffe42e8049f05371b942ac33cb765f4e5707f0d92,utf-8 (original bytes),15403,5d02e9b7f31547dce2b63cdffe42e8049f05371b942ac33cb765f4e5707f0d92,byte-identical
app/xsl/factors.xsl,2277,c2b72e8b16dfd9b71bc9a8a29736a299643a4707d10de90a8b1b57b114306bb9,utf-8 (original bytes),2277,c2b72e8b16dfd9b71bc9a8a29736a299643a4707d10de90a8b1b57b114306bb9,byte-identical
app/xsl/fgis_sout.xsl,6830,52d5f0b5c7bde6695ab5ec371545315c288ed82bd3814f4040958d6da0d26c40,utf-8 (original bytes),6830,52d5f0b5c7bde6695ab5ec371545315c288ed82bd3814f4040958d6da0d26c40,byte-identical
app/xsl/form2_p7.xsl,2871,98bcbc2770ac325af928ea63031c25db4637f39cc7ec5b5cc529dff3a3cff057,utf-8 (original bytes),2871,98bcbc2770ac325af928ea63031c25db4637f39cc7ec5b5cc529dff3a3cff057,byte-identical
app/xsl/form2_p8.xsl,5891,a0582d870f895b6787b2a04adb867fc87249eb0321ef2e14ef7eb4c5800101b1,utf-8 (original bytes),5891,a0582d870f895b6787b2a04adb867fc87249eb0321ef2e14ef7eb4c5800101b1,byte-identical
app/xsl/izm_log/dop_razd/factor01_01.xsl,17380,5a26abdbab75c9b3d56d16a1d06713a3dece71cd57c8f7a40fc2a4a4380e0300,utf-8 (original bytes),17380,5a26abdbab75c9b3d56d16a1d06713a3dece71cd57c8f7a40fc2a4a4380e0300,byte-identical
app/xsl/izm_log/dop_razd/factor04_01.xsl,18276,a6efb7c08147f2dbecaee88a73cd4b8f2080307bbb3a7a869de071dc1196627a,utf-8 (original bytes),18276,a6efb7c08147f2dbecaee88a73cd4b8f2080307bbb3a7a869de071dc1196627a,byte-identical
app/xsl/izm_log/dop_razd/factor05_01.xsl,17200,51dc771094623a8476053be46e4a77c700779bdfa30a079d4d435cec8d40878b,utf-8 (original bytes),17200,51dc771094623a8476053be46e4a77c700779bdfa30a079d4d435cec8d40878b,byte-identical
app/xsl/izm_log/dop_razd/factor06_01.xsl,16938,b35de3772feff8c970a27e46451557f5441aadebc5832c6562d541f6d764e40c,utf-8 (original bytes),16938,b35de3772feff8c970a27e46451557f5441aadebc5832c6562d541f6d764e40c,byte-identical
app/xsl/izm_log/dop_razd/factor07_01.xsl,18003,603e3e821473fab8d0543ebe8d1534f5b8f37e742deba4c608ea1ef4d0705e7f,utf-8 (original bytes),18003,603e3e821473fab8d0543ebe8d1534f5b8f37e742deba4c608ea1ef4d0705e7f,byte-identical
app/xsl/izm_log/dop_razd/factor08_01.xsl,18003,603e3e821473fab8d0543ebe8d1534f5b8f37e742deba4c608ea1ef4d0705e7f,utf-8 (original bytes),18003,603e3e821473fab8d0543ebe8d1534f5b8f37e742deba4c608ea1ef4d0705e7f,byte-identical
app/xsl/izm_log/dop_razd/factor09_01.xsl,17865,a7a61308336c6f821015f4242c9974a809c1482c7fd363f250012c42b40be099,utf-8 (original bytes),17865,a7a61308336c6f821015f4242c9974a809c1482c7fd363f250012c42b40be099,byte-identical
app/xsl/izm_log/dop_razd/factor11_01.xsl,17553,f0853b6a01817d1f3134cfbd3c15697ccae88af88112e4b5dcfa5a894fa63896,utf-8 (original bytes),17553,f0853b6a01817d1f3134cfbd3c15697ccae88af88112e4b5dcfa5a894fa63896,byte-identical
app/xsl/izm_log/dop_razd/factor12_01.xsl,20931,c3e2c4dfc3533d5c80c7e28eeca90a2860c09ff93d2cd6040c54f4e00023650a,utf-8 (original bytes),20931,c3e2c4dfc3533d5c80c7e28eeca90a2860c09ff93d2cd6040c54f4e00023650a,byte-identical
app/xsl/izm_log/dop_razd/factor13_01.xsl,17729,410f8212fac148eec60c3cf7b1cf6dd85990d76da2c5d598369adc805cddf364,utf-8 (original bytes),17729,410f8212fac148eec60c3cf7b1cf6dd85990d76da2c5d598369adc805cddf364,byte-identical
app/xsl/izm_log/dop_razd/factor13_01_direct.xsl,17794,5a8189e7af6fd4893b0b6dffcc972244b07bbea13370fd1076b01c4d65dd8d96,utf-8 (original bytes),17794,5a8189e7af6fd4893b0b6dffcc972244b07bbea13370fd1076b01c4d65dd8d96,byte-identical
app/xsl/izm_log/dop_razd/factor14_01.xsl,17026,0b047ec6d2566ef0c08c23acf7722c638dbc75a3f3173dd8b24880f64afc603e,utf-8 (original bytes),17026,0b047ec6d2566ef0c08c23acf7722c638dbc75a3f3173dd8b24880f64afc603e,byte-identical
app/xsl/izm_log/dop_razd/factor41_01.xsl,18021,be66d34e7b5f55b2ab4a894fc8f33509154f67f485d59443892bf6b91bcef6de,utf-8 (original bytes),18021,be66d34e7b5f55b2ab4a894fc8f33509154f67f485d59443892bf6b91bcef6de,byte-identical
app/xsl/izm_log/factor01_01.xsl,4317,02f6d4ca08013e51e86569af69b447471fc7c7994c18e140b32bc58eb442396e,utf-8 (original bytes),4317,02f6d4ca08013e51e86569af69b447471fc7c7994c18e140b32bc58eb442396e,byte-identical
app/xsl/izm_log/factor04_01.xsl,4157,a2094c16dca1725609e89d094b2d6b1a77e81f56064957240e03d5be6effd183,utf-8 (original bytes),4157,a2094c16dca1725609e89d094b2d6b1a77e81f56064957240e03d5be6effd183,byte-identical
app/xsl/izm_log/factor05_01.xsl,3999,bdfece050e5ce4aff4528ef176492546e6bf97d2bb7bee2eed63ea9bccc7c932,utf-8 (original bytes),3999,bdfece050e5ce4aff4528ef176492546e6bf97d2bb7bee2eed63ea9bccc7c932,byte-identical
app/xsl/izm_log/factor06_01.xsl,3996,c950f6daa74f03ecdd4deedd27bc8906afacab09561d52c623ed3ea796243a55,utf-8 (original bytes),3996,c950f6daa74f03ecdd4deedd27bc8906afacab09561d52c623ed3ea796243a55,byte-identical
app/xsl/izm_log/factor07_01.xsl,4789,2b9dbf72ca57a5748b603254f2bdf728bf09577f6fedbf0d48e4a4a8b1b6986b,utf-8 (original bytes),4789,2b9dbf72ca57a5748b603254f2bdf728bf09577f6fedbf0d48e4a4a8b1b6986b,byte-identical
app/xsl/izm_log/factor08_01.xsl,4789,2b9dbf72ca57a5748b603254f2bdf728bf09577f6fedbf0d48e4a4a8b1b6986b,utf-8 (original bytes),4789,2b9dbf72ca57a5748b603254f2bdf728bf09577f6fedbf0d48e4a4a8b1b6986b,byte-identical
app/xsl/izm_log/factor09_01.xsl,4202,6f9f9c785f3e1b444081119ac173f87e450488519f70699cd8b4aca7a8cfeb0d,utf-8 (original bytes),4202,6f9f9c785f3e1b444081119ac173f87e450488519f70699cd8b4aca7a8cfeb0d,byte-identical
app/xsl/izm_log/factor11_01.xsl,3939,133ad788b7c43e2dfe38a96f9277fb64bac4b0304b58971a279068420a7f5f09,utf-8 (original bytes),3939,133ad788b7c43e2dfe38a96f9277fb64bac4b0304b58971a279068420a7f5f09,byte-identical
app/xsl/izm_log/factor12_01.xsl,3944,53b271b9b02af71d187ea56e992b944805e71a1c8f810457376da6512c504c4a,utf-8 (original bytes),3944,53b271b9b02af71d187ea56e992b944805e71a1c8f810457376da6512c504c4a,byte-identical
app/xsl/izm_log/factor13_01.xsl,3806,d01bb995636fb0998d2b81d11958870b1c4f09e67d2b893763a09bfad1c630ab,utf-8 (original bytes),3806,d01bb995636fb0998d2b81d11958870b1c4f09e67d2b893763a09bfad1c630ab,byte-identical
app/xsl/izm_log/factor13_01_direct.xsl,3692,839f6971ce27e255f89813d5c3e6ab382b242dadbae5279bee80ff98f345a807,utf-8 (original bytes),3692,839f6971ce27e255f89813d5c3e6ab382b242dadbae5279bee80ff98f345a807,byte-identical
app/xsl/izm_log/factor14_01.xsl,3419,b47959c7d17cf4314c1f6ba3b11be546295c1aa08aab43e177fe20273e4e4560,utf-8 (original bytes),3419,b47959c7d17cf4314c1f6ba3b11be546295c1aa08aab43e177fe20273e4e4560,byte-identical
app/xsl/izm_log/factor41_01.xsl,6068,0567d0ef6a9adb8185fa26d6446408234c0162687735d0057767396f4ebacdb7,utf-8 (original bytes),6068,0567d0ef6a9adb8185fa26d6446408234c0162687735d0057767396f4ebacdb7,byte-identical
app/xsl/izm_prot/factor01_01.xsl,13584,ed870135c854b42f65f1b829393d005bca617fa0d7d9c077c1a3ada8940c6371,utf-8 (original bytes),13584,ed870135c854b42f65f1b829393d005bca617fa0d7d9c077c1a3ada8940c6371,byte-identical
app/xsl/izm_prot/factor03_01.xsl,13450,9819279f09ea1cb3b7e3eae976bbd016e4cac202fbc88f9a983c301d5589c1f9,utf-8 (original bytes),13450,9819279f09ea1cb3b7e3eae976bbd016e4cac202fbc88f9a983c301d5589c1f9,byte-identical
app/xsl/izm_prot/factor04_01.xsl,18414,2d280ac0f947e6620b73192609d54ad7f6fe672fe26380883bd5e7873c347306,utf-8 (original bytes),18414,2d280ac0f947e6620b73192609d54ad7f6fe672fe26380883bd5e7873c347306,byte-identical
app/xsl/izm_prot/factor05_01.xsl,15647,9b8bf688ea9724172097f64146985a4259a8d95c0313c76c5dd4f4c9b378a12e,utf-8 (original bytes),15647,9b8bf688ea9724172097f64146985a4259a8d95c0313c76c5dd4f4c9b378a12e,byte-identical
app/xsl/izm_prot/factor06_01.xsl,15320,a339453c7489a43cdfdfe4e5dce441db485dae64f11dc639edff990b6044f213,utf-8 (original bytes),15320,a339453c7489a43cdfdfe4e5dce441db485dae64f11dc639edff990b6044f213,byte-identical
app/xsl/izm_prot/factor07_01.xsl,19233,4de0058aed3be2614ab8900acf3cc62a4d03597a57b37b703266d4064a8fe29c,utf-8 (original bytes),19233,4de0058aed3be2614ab8900acf3cc62a4d03597a57b37b703266d4064a8fe29c,byte-identical
app/xsl/izm_prot/factor08_01.xsl,19239,110900b4983c03ce1857398e2ef87559877e7a1cbd037171dac666e55c58f441,utf-8 (original bytes),19239,110900b4983c03ce1857398e2ef87559877e7a1cbd037171dac666e55c58f441,byte-identical
app/xsl/izm_prot/factor09_1_01.xsl,14620,1faa5391358e5c1b7e9e78355a3bdbd492fcb4edda0e410953c9661a260f7d82,utf-8 (original bytes),14620,1faa5391358e5c1b7e9e78355a3bdbd492fcb4edda0e410953c9661a260f7d82,byte-identical
app/xsl/izm_prot/factor09_2_01.xsl,14179,2ccd50d4b4919e112cce1703eb12795e9d184aa1a8ab09b5c0b3ab6d66738104,utf-8 (original bytes),14179,2ccd50d4b4919e112cce1703eb12795e9d184aa1a8ab09b5c0b3ab6d66738104,byte-identical
app/xsl/izm_prot/factor09_3_01.xsl,14555,c41e2740d620506989305f5bda9f732d75df21880a66b889188128b3e76f048f,utf-8 (original bytes),14555,c41e2740d620506989305f5bda9f732d75df21880a66b889188128b3e76f048f,byte-identical
app/xsl/izm_prot/factor09_4_01.xsl,15142,0fb5d6fc18d0a6518c525f49d6c9fda324b7be80e75a311d62b541f311f3c54f,utf-8 (original bytes),15142,0fb5d6fc18d0a6518c525f49d6c9fda324b7be80e75a311d62b541f311f3c54f,byte-identical
app/xsl/izm_prot/factor10_01.xsl,14317,fee003d8560ae5d6c43f14d8a08e66ff28999f31a6a02107bb5b09ba292bd0be,utf-8 (original bytes),14317,fee003d8560ae5d6c43f14d8a08e66ff28999f31a6a02107bb5b09ba292bd0be,byte-identical
app/xsl/izm_prot/factor11_01.xsl,14296,61ac7bee919b638291c743f86dd1622a4c678e691efdc740710dd5811b8ed80a,utf-8 (original bytes),14296,61ac7bee919b638291c743f86dd1622a4c678e691efdc740710dd5811b8ed80a,byte-identical
app/xsl/izm_prot/factor12_01.xsl,16215,2f8d48bb894c5dc3e6cc1ac9bbac712ca4f6fc730e9106ecaab6b86322c2441e,utf-8 (original bytes),16215,2f8d48bb894c5dc3e6cc1ac9bbac712ca4f6fc730e9106ecaab6b86322c2441e,byte-identical
app/xsl/izm_prot/factor26_01.xsl,14097,63d514eb5c43653b6192f21b660a11a4ead3a814ce6f193efa625ec842db31e0,utf-8 (original bytes),14097,63d514eb5c43653b6192f21b660a11a4ead3a814ce6f193efa625ec842db31e0,byte-identical
app/xsl/izm_prot/factor41_01.xsl,17995,73c8a6748c63e4f5d82682422ea155e48aa304589f3e68d4023c7cadd693bc47,utf-8 (original bytes),17995,73c8a6748c63e4f5d82682422ea155e48aa304589f3e68d4023c7cadd693bc47,byte-identical
app/xsl/karta_pril.xsl,59173,bb6d5379ea319d46c866b27d6a77adc7abc1e1aa9ad755f96dc05869fdd8bd90,utf-8 (original bytes),59173,bb6d5379ea319d46c866b27d6a77adc7abc1e1aa9ad755f96dc05869fdd8bd90,byte-identical
app/xsl/karta_pril2.xsl,56002,af8de9cce9f40a7bad3447f32372598924f0e81fa10bdb427265849bac898082,utf-8 (original bytes),56002,af8de9cce9f40a7bad3447f32372598924f0e81fa10bdb427265849bac898082,byte-identical
app/xsl/per_rm/form1_01.xsl,8052,94e5dc8cedea0df6f4cc25dd8de7fd70c5d81493fdc416d6af8bf6025ff3994b,utf-8 (original bytes),8052,94e5dc8cedea0df6f4cc25dd8de7fd70c5d81493fdc416d6af8bf6025ff3994b,byte-identical
app/xsl/per_rm/form1_01_by_podr.xsl,9136,2d39015e5fdb820c40a80974a9924b6aa52fdc9885dc5ae85e197973f9bf6e30,utf-8 (original bytes),9136,2d39015e5fdb820c40a80974a9924b6aa52fdc9885dc5ae85e197973f9bf6e30,byte-identical
app/xsl/per_rm/form1_02.xsl,8231,fa4cc89234a38cfc19f84bd0e45e42a05ed262efdde841956cd0a967c321d2f6,utf-8 (original bytes),8231,fa4cc89234a38cfc19f84bd0e45e42a05ed262efdde841956cd0a967c321d2f6,byte-identical
app/xsl/per_rm/form1_02_by_podr.xsl,9347,81d268b82e4bd8c3d8cd9d329ee19ac53fb10fa80c1bc54f10ed73aa413780f9,utf-8 (original bytes),9347,81d268b82e4bd8c3d8cd9d329ee19ac53fb10fa80c1bc54f10ed73aa413780f9,byte-identical
app/xsl/per_rm/form2_01.xsl,6830,ee3b9c19fc0c2664263eb59f86a735dc6875ac851b32aab2bbb163b30fd17e48,utf-8 (original bytes),6830,ee3b9c19fc0c2664263eb59f86a735dc6875ac851b32aab2bbb163b30fd17e48,byte-identical
app/xsl/per_rm/form2_01_by_podr.xsl,8039,e750024759fc658e9d3758a323b07d5affba77ac844612e781fe9b0577825309,utf-8 (original bytes),8039,e750024759fc658e9d3758a323b07d5affba77ac844612e781fe9b0577825309,byte-identical
app/xsl/per_rm/form2_02.xsl,6992,41c5fdb3523d05a34628a51490d365fef45466bb2b751c1ba4402120d9f1320c,utf-8 (original bytes),6992,41c5fdb3523d05a34628a51490d365fef45466bb2b751c1ba4402120d9f1320c,byte-identical
app/xsl/per_rm/form2_02_by_podr.xsl,8233,01ef56f3830626cf17eccc8f7807bcee072d7c98577f9725565c8e667a802525,utf-8 (original bytes),8233,01ef56f3830626cf17eccc8f7807bcee072d7c98577f9725565c8e667a802525,byte-identical
app/xsl/per_rm/form2_03.xsl,7047,7b7bc0358474930dcec30f49ec7cfd41702fbdd06b922714461c51ac1457ab43,utf-8 (original bytes),7047,7b7bc0358474930dcec30f49ec7cfd41702fbdd06b922714461c51ac1457ab43,byte-identical
app/xsl/per_rm/form2_03_by_podr.xsl,8288,0074bd82a965b93b964a354c90d8bb4cc0512f30045aefbf6373aafae66ecd04,utf-8 (original bytes),8288,0074bd82a965b93b964a354c90d8bb4cc0512f30045aefbf6373aafae66ecd04,byte-identical
app/xsl/per_rm/form2_04.xsl,7209,16de8e14bae48f1660c4eac17af30c58cac5a0f2ee24899bda6fde53e51aca86,utf-8 (original bytes),7209,16de8e14bae48f1660c4eac17af30c58cac5a0f2ee24899bda6fde53e51aca86,byte-identical
app/xsl/per_rm/form2_04_by_podr.xsl,8482,fe91cea5c5cce314218422cfe639b765c8ca4612524d0eaa251ac7f29c21081f,utf-8 (original bytes),8482,fe91cea5c5cce314218422cfe639b765c8ca4612524d0eaa251ac7f29c21081f,byte-identical
app/xsl/per_rm/per_mer.xsl,2625,148458ebfb545a7fbc9d4f910e344269824caa38ac5332447e9e7a2ec2a0185b,utf-8 (original bytes),2625,148458ebfb545a7fbc9d4f910e344269824caa38ac5332447e9e7a2ec2a0185b,byte-identical
app/xsl/rm_info.xsl,2097,1639e886e139ea620b269c4fba38f630366ea83f3c7bfecac40d8ef13041d6a7,utf-8 (original bytes),2097,1639e886e139ea620b269c4fba38f630366ea83f3c7bfecac40d8ef13041d6a7,byte-identical
app/xsl/rm_info2.xsl,2457,c7e09fe8487e897ff8c2108c0eadd47871c732091ed8dc0b3d0979451fd2b942,utf-8 (original bytes),2457,c7e09fe8487e897ff8c2108c0eadd47871c732091ed8dc0b3d0979451fd2b942,byte-identical
app/xsl/siz.xsl,2338,dea68f508ddb3909a3e4faebb9f9f8b179ba43f606bd736f5f4b8a0c40dfd54f,utf-8 (original bytes),2338,dea68f508ddb3909a3e4faebb9f9f8b179ba43f606bd736f5f4b8a0c40dfd54f,byte-identical
app/xsl/sv_prot/att_zakl_01var.xsl,5160,524b77d9afe18ba41dd1e0923aa8e3802eebb70f441427c10896c1339b5d0cde,utf-8 (original bytes),5160,524b77d9afe18ba41dd1e0923aa8e3802eebb70f441427c10896c1339b5d0cde,byte-identical
app/xsl/sv_prot/att_zakl_02var.xsl,2376,3d357cde29dc552e34af88e389b31caab51b9c45881aa1b5974deff15be6d294,utf-8 (original bytes),2376,3d357cde29dc552e34af88e389b31caab51b9c45881aa1b5974deff15be6d294,byte-identical
app/xsl/sv_prot/att_zakl_03var.xsl,2218,c68d13cb5721d7b3ce0675a6bcd745bcdbfab0ddbd88e3872960fa5f02c7d672,utf-8 (original bytes),2218,c68d13cb5721d7b3ce0675a6bcd745bcdbfab0ddbd88e3872960fa5f02c7d672,byte-identical
app/xsl/sv_prot/att_zakl_04var.xsl,2939,fa5b8629c090ff4d07d7370e1f63cbae89b6a2c77d3c1a887df8a2f3f7a6f31c,utf-8 (original bytes),2939,fa5b8629c090ff4d07d7370e1f63cbae89b6a2c77d3c1a887df8a2f3f7a6f31c,byte-identical
app/xsl/sv_prot/calc/factor01.xsl,4726,338bba1b1a415ccf908e2d426a192c036eff8dd866017b823b4f422febb7f146,utf-8 (original bytes),4726,338bba1b1a415ccf908e2d426a192c036eff8dd866017b823b4f422febb7f146,byte-identical
app/xsl/sv_prot/calc/factor03.xsl,4718,069e8a66208a15dd5db7faad564d2a9184e16bd62bb199022b91abdf96dfa873,utf-8 (original bytes),4718,069e8a66208a15dd5db7faad564d2a9184e16bd62bb199022b91abdf96dfa873,byte-identical
app/xsl/sv_prot/calc/factor03_01.xsl,3798,0c832d7411a41f74f248f52e8c6637377baafebcc2434b79973d4b110c1c8a4d,utf-8 (original bytes),3798,0c832d7411a41f74f248f52e8c6637377baafebcc2434b79973d4b110c1c8a4d,byte-identical
app/xsl/sv_prot/calc/factor11.xsl,3563,e8b6b356e5ec058b0b81b04cb5935c4d1828776d3d751dc32880762165377ebc,utf-8 (original bytes),3563,e8b6b356e5ec058b0b81b04cb5935c4d1828776d3d751dc32880762165377ebc,byte-identical
app/xsl/sv_prot/calc/factor26.xsl,3865,c13e44649b6bafdd347a22ff96646e9d5e393d99b33248563b6a51447bf633cb,utf-8 (original bytes),3865,c13e44649b6bafdd347a22ff96646e9d5e393d99b33248563b6a51447bf633cb,byte-identical
app/xsl/sv_prot/factor01.xsl,3480,333e3fd837cb874b8e0342d4d4e5147ec96799de7b3f1f81d7451b17c39d677a,utf-8 (original bytes),3480,333e3fd837cb874b8e0342d4d4e5147ec96799de7b3f1f81d7451b17c39d677a,byte-identical
app/xsl/sv_prot/factor01_2.xsl,3639,23785134a296e7bc8bf48fdd6b2d382318162df7bed2a4d68320255a6e5b04a8,utf-8 (original bytes),3639,23785134a296e7bc8bf48fdd6b2d382318162df7bed2a4d68320255a6e5b04a8,byte-identical
app/xsl/sv_prot/factor01_3.xsl,3792,986d8f3e3b879c54aca2a7bab58f5f4c1d1c01660756d2d24b01cb70c8d3ed9c,utf-8 (original bytes),3792,986d8f3e3b879c54aca2a7bab58f5f4c1d1c01660756d2d24b01cb70c8d3ed9c,byte-identical
app/xsl/sv_prot/factor01_4.xsl,3916,da6cb4ccd97089bddc188a006e3514457cce1ae5cb784c5003fbd6943f721189,utf-8 (original bytes),3916,da6cb4ccd97089bddc188a006e3514457cce1ae5cb784c5003fbd6943f721189,byte-identical
app/xsl/sv_prot/factor01_5.xsl,4034,e32c1156ccb032ffc3df25bc477a86bd9013e85d5d2e1ca4d6fa13db9f5db472,utf-8 (original bytes),4034,e32c1156ccb032ffc3df25bc477a86bd9013e85d5d2e1ca4d6fa13db9f5db472,byte-identical
app/xsl/sv_prot/factor01_6.xsl,4294,ec000f89e90915ede5e0ce0f814a838f3231acae1ebac26118c9192fbf4f8835,utf-8 (original bytes),4294,ec000f89e90915ede5e0ce0f814a838f3231acae1ebac26118c9192fbf4f8835,byte-identical
app/xsl/sv_prot/factor02.xsl,3469,98d146b34633081e0bb5d4dadfea30f0df5160e87b5c285c9cb05f552d4e7a78,utf-8 (original bytes),3469,98d146b34633081e0bb5d4dadfea30f0df5160e87b5c285c9cb05f552d4e7a78,byte-identical
app/xsl/sv_prot/factor02_2.xsl,3650,15a6ae57dabb50fc4f392d5cae6a9a9cbb025578ac740b4bafd748ca8b38dc9e,utf-8 (original bytes),3650,15a6ae57dabb50fc4f392d5cae6a9a9cbb025578ac740b4bafd748ca8b38dc9e,byte-identical
app/xsl/sv_prot/factor03.xsl,3404,1821fdc65b7214882e8c450b5a10423e809155d9abe6f347297d9eb99cf5320d,utf-8 (original bytes),3404,1821fdc65b7214882e8c450b5a10423e809155d9abe6f347297d9eb99cf5320d,byte-identical
app/xsl/sv_prot/factor03_2.xsl,3639,23785134a296e7bc8bf48fdd6b2d382318162df7bed2a4d68320255a6e5b04a8,utf-8 (original bytes),3639,23785134a296e7bc8bf48fdd6b2d382318162df7bed2a4d68320255a6e5b04a8,byte-identical
app/xsl/sv_prot/factor03_3.xsl,3790,c9047ce60f132ff8acd12dc026fb92995ec8d47a4a9229860f8d3da0424a89fe,utf-8 (original bytes),3790,c9047ce60f132ff8acd12dc026fb92995ec8d47a4a9229860f8d3da0424a89fe,byte-identical
app/xsl/sv_prot/factor03_4.xsl,3935,aa795fe56f6f0295d60d8a257f9bf49e1646f85a16e9473c451a342395ebad70,utf-8 (original bytes),3935,aa795fe56f6f0295d60d8a257f9bf49e1646f85a16e9473c451a342395ebad70,byte-identical
app/xsl/sv_prot/factor03_5.xsl,4034,e32c1156ccb032ffc3df25bc477a86bd9013e85d5d2e1ca4d6fa13db9f5db472,utf-8 (original bytes),4034,e32c1156ccb032ffc3df25bc477a86bd9013e85d5d2e1ca4d6fa13db9f5db472,byte-identical
app/xsl/sv_prot/factor03_6.xsl,4294,ec000f89e90915ede5e0ce0f814a838f3231acae1ebac26118c9192fbf4f8835,utf-8 (original bytes),4294,ec000f89e90915ede5e0ce0f814a838f3231acae1ebac26118c9192fbf4f8835,byte-identical
app/xsl/sv_prot/factor04.xsl,3488,099a49b166d44c82107c473f546dac851bd16aa70933f21b99ced38a48fe5ad5,utf-8 (original bytes),3488,099a49b166d44c82107c473f546dac851bd16aa70933f21b99ced38a48fe5ad5,byte-identical
app/xsl/sv_prot/factor04_2.xsl,3723,cc41a585bf196b2a42a7484f8f1adfe165059658d037423e6d4523c8c1d990ed,utf-8 (original bytes),3723,cc41a585bf196b2a42a7484f8f1adfe165059658d037423e6d4523c8c1d990ed,byte-identical
app/xsl/sv_prot/factor04_3.xsl,4230,7cea7c206c003fe2fa1ef879e7e508606317c246d86ec25e298e58d6917d0916,utf-8 (original bytes),4230,7cea7c206c003fe2fa1ef879e7e508606317c246d86ec25e298e58d6917d0916,byte-identical
app/xsl/sv_prot/factor04_4.xsl,5140,febe9cdce806cbd6312e1903f1830cccbe330d0c55593196fefdea646b05273e,utf-8 (original bytes),5140,febe9cdce806cbd6312e1903f1830cccbe330d0c55593196fefdea646b05273e,byte-identical
app/xsl/sv_prot/factor04_5.xsl,4370,19f036cea940064e5d30fa262eb340308adc2bc3b1f2fe423e06a95a823adebc,utf-8 (original bytes),4370,19f036cea940064e5d30fa262eb340308adc2bc3b1f2fe423e06a95a823adebc,byte-identical
app/xsl/sv_prot/factor04_6.xsl,5496,06fbc1ec834c58834dd3f4ed2bb0c7ac42a4c1c25ef11157a04f4375a085b1ab,utf-8 (original bytes),5496,06fbc1ec834c58834dd3f4ed2bb0c7ac42a4c1c25ef11157a04f4375a085b1ab,byte-identical
app/xsl/sv_prot/factor04_7.xsl,3713,1dba7a100da72101b12c16e85e5c3c7cd3fb9946b4ebc7ccce5f592e2f1f32db,utf-8 (original bytes),3713,1dba7a100da72101b12c16e85e5c3c7cd3fb9946b4ebc7ccce5f592e2f1f32db,byte-identical
app/xsl/sv_prot/factor04_full.xsl,3764,3cfdb3efb07bd3267498bc55d9294ab256214a6732e7f10db2cd1916d4ee73b1,utf-8 (original bytes),3764,3cfdb3efb07bd3267498bc55d9294ab256214a6732e7f10db2cd1916d4ee73b1,byte-identical
app/xsl/sv_prot/factor04_short.xsl,3427,5ebce2f5f2fd99699eb3eabcfbc0e776052e7d31843f8bfacceace17761a6ede,utf-8 (original bytes),3427,5ebce2f5f2fd99699eb3eabcfbc0e776052e7d31843f8bfacceace17761a6ede,byte-identical
app/xsl/sv_prot/factor05.xsl,3288,82faa14a1f04c669ce573b44ac482a63f59ee6a3ae78e53363ba89152d736b20,utf-8 (original bytes),3288,82faa14a1f04c669ce573b44ac482a63f59ee6a3ae78e53363ba89152d736b20,byte-identical
app/xsl/sv_prot/factor05_1_1.xsl,3503,e0b4c93d98c3efdab60560a0dcdfb2ce945b4d20aba21d1e0a2c39bb10622adf,utf-8 (original bytes),3503,e0b4c93d98c3efdab60560a0dcdfb2ce945b4d20aba21d1e0a2c39bb10622adf,byte-identical
app/xsl/sv_prot/factor05_2.xsl,3525,edc5b57963c0000ee584b817c20e21902ada9e32aa5a84b8a9dd3a916864f0df,utf-8 (original bytes),3525,edc5b57963c0000ee584b817c20e21902ada9e32aa5a84b8a9dd3a916864f0df,byte-identical
app/xsl/sv_prot/factor05_3.xsl,4281,0362d79d985fc61ab32ae523ec5626c8d84a06ad9820b5f2cefb83da6a6f0f18,utf-8 (original bytes),4281,0362d79d985fc61ab32ae523ec5626c8d84a06ad9820b5f2cefb83da6a6f0f18,byte-identical
app/xsl/sv_prot/factor05_4.xsl,3742,47e37483ca36b1718df884caf847430e362401607c0b93b2568a2920c5a35e10,utf-8 (original bytes),3742,47e37483ca36b1718df884caf847430e362401607c0b93b2568a2920c5a35e10,byte-identical
app/xsl/sv_prot/factor05_5.xsl,4446,ff52b1881a3393dc6f5cc4ecc2922a579f11349dddd665365f064852b9f4604f,utf-8 (original bytes),4446,ff52b1881a3393dc6f5cc4ecc2922a579f11349dddd665365f064852b9f4604f,byte-identical
app/xsl/sv_prot/factor05_6.xsl,7667,09543143dedd3df74777664b5c09d6c2c72a7c9d5a5a05cbf19af9c28061d2c2,utf-8 (original bytes),7667,09543143dedd3df74777664b5c09d6c2c72a7c9d5a5a05cbf19af9c28061d2c2,byte-identical
app/xsl/sv_prot/factor05_full.xsl,3575,3c6a695097a34899f8fad1f3132048b7f4116eb8ee3a0b8d4c41361b9d0b0160,utf-8 (original bytes),3575,3c6a695097a34899f8fad1f3132048b7f4116eb8ee3a0b8d4c41361b9d0b0160,byte-identical
app/xsl/sv_prot/factor05_short.xsl,3240,a72483e87fef010d31f9bc4e33196f2ffea13d8c8b10a9c207523965ea0a8a9b,utf-8 (original bytes),3240,a72483e87fef010d31f9bc4e33196f2ffea13d8c8b10a9c207523965ea0a8a9b,byte-identical
app/xsl/sv_prot/factor06.xsl,3745,77b05fe6fcdcd40970a85425c1521ae7fcaca06d629ee44a8575a78e084b7ffa,utf-8 (original bytes),3745,77b05fe6fcdcd40970a85425c1521ae7fcaca06d629ee44a8575a78e084b7ffa,byte-identical
app/xsl/sv_prot/factor06_2.xsl,3980,a4c50a27d1e904f11b8e62e02d4d20e293f1ed237d98c17172d12737b9d6868c,utf-8 (original bytes),3980,a4c50a27d1e904f11b8e62e02d4d20e293f1ed237d98c17172d12737b9d6868c,byte-identical
app/xsl/sv_prot/factor06_3.xsl,4210,720b11994061104f1538c8222e52a8c81c92a921fd2f117713807a2dcf1923f7,utf-8 (original bytes),4210,720b11994061104f1538c8222e52a8c81c92a921fd2f117713807a2dcf1923f7,byte-identical
app/xsl/sv_prot/factor06_4.xsl,4237,1987e07c81b472c6864cf7d88c51d7fb932db04bd192caed970ec20e7ffc7a3c,utf-8 (original bytes),4237,1987e07c81b472c6864cf7d88c51d7fb932db04bd192caed970ec20e7ffc7a3c,byte-identical
app/xsl/sv_prot/factor06_5.xsl,4910,527903bd05ee8fea358d91d574a54ebd2f1b5af15775960a515ad604354a30d2,utf-8 (original bytes),4910,527903bd05ee8fea358d91d574a54ebd2f1b5af15775960a515ad604354a30d2,byte-identical
app/xsl/sv_prot/factor07.xsl,3926,7ed88fa62c6ccc1248091525100475af11ccdedbbd6832ca7d5641f7977b478c,utf-8 (original bytes),3926,7ed88fa62c6ccc1248091525100475af11ccdedbbd6832ca7d5641f7977b478c,byte-identical
app/xsl/sv_prot/factor07_2.xsl,4182,87d1a296f7fdc0fdf5da184da1fbbe3a15e6bad8a06b18e304f9782a81f7c348,utf-8 (original bytes),4182,87d1a296f7fdc0fdf5da184da1fbbe3a15e6bad8a06b18e304f9782a81f7c348,byte-identical
app/xsl/sv_prot/factor07_3.xsl,4285,1c81be252f4f98dd8899b8616267d144e09b8c947a2e11a11ffbc7e42b52eb02,utf-8 (original bytes),4285,1c81be252f4f98dd8899b8616267d144e09b8c947a2e11a11ffbc7e42b52eb02,byte-identical
app/xsl/sv_prot/factor07_4.xsl,4267,ad987ba6011e58ec34da354c4796afcbcaba39fefbd3d117eb2147fe14b35bee,utf-8 (original bytes),4267,ad987ba6011e58ec34da354c4796afcbcaba39fefbd3d117eb2147fe14b35bee,byte-identical
app/xsl/sv_prot/factor07_5.xsl,5629,7de09b21b288e1b88fdab16614a18dccb0694a7be89715139f8bffae5a929805,utf-8 (original bytes),5629,7de09b21b288e1b88fdab16614a18dccb0694a7be89715139f8bffae5a929805,byte-identical
app/xsl/sv_prot/factor07_full.xsl,4094,2e76a024981d932def43ced670f008c7dd525d3108ad9237548f9700d03c4687,utf-8 (original bytes),4094,2e76a024981d932def43ced670f008c7dd525d3108ad9237548f9700d03c4687,byte-identical
app/xsl/sv_prot/factor07_short.xsl,3508,3b7e575e74ed5fbd3c9e952f387b0fa167d855c7fd0ac0310cd319fdd1f08ff8,utf-8 (original bytes),3508,3b7e575e74ed5fbd3c9e952f387b0fa167d855c7fd0ac0310cd319fdd1f08ff8,byte-identical
app/xsl/sv_prot/factor08.xsl,3947,c0d103595edbf5f6526fbe5e38fbddf8ed921b29669ed82620681f5e891077f3,utf-8 (original bytes),3947,c0d103595edbf5f6526fbe5e38fbddf8ed921b29669ed82620681f5e891077f3,byte-identical
app/xsl/sv_prot/factor08_2.xsl,4182,87d1a296f7fdc0fdf5da184da1fbbe3a15e6bad8a06b18e304f9782a81f7c348,utf-8 (original bytes),4182,87d1a296f7fdc0fdf5da184da1fbbe3a15e6bad8a06b18e304f9782a81f7c348,byte-identical
app/xsl/sv_prot/factor08_3.xsl,4285,1c81be252f4f98dd8899b8616267d144e09b8c947a2e11a11ffbc7e42b52eb02,utf-8 (original bytes),4285,1c81be252f4f98dd8899b8616267d144e09b8c947a2e11a11ffbc7e42b52eb02,byte-identical
app/xsl/sv_prot/factor08_4.xsl,4267,ad987ba6011e58ec34da354c4796afcbcaba39fefbd3d117eb2147fe14b35bee,utf-8 (original bytes),4267,ad987ba6011e58ec34da354c4796afcbcaba39fefbd3d117eb2147fe14b35bee,byte-identical
app/xsl/sv_prot/factor08_5.xsl,5629,7de09b21b288e1b88fdab16614a18dccb0694a7be89715139f8bffae5a929805,utf-8 (original bytes),5629,7de09b21b288e1b88fdab16614a18dccb0694a7be89715139f8bffae5a929805,byte-identical
app/xsl/sv_prot/factor08_full.xsl,4087,e2cd64116deb2f9b268886cff562aba434b049dc83fa76703251bbd694a78f9f,utf-8 (original bytes),4087,e2cd64116deb2f9b268886cff562aba434b049dc83fa76703251bbd694a78f9f,byte-identical
app/xsl/sv_prot/factor08_short.xsl,3571,ae8a3234ab74262bc80471a6696cc7122b820fe29cacc01fb0264364b109ecb0,utf-8 (original bytes),3571,ae8a3234ab74262bc80471a6696cc7122b820fe29cacc01fb0264364b109ecb0,byte-identical
app/xsl/sv_prot/factor09_1.xsl,3409,5abbbb1d8949956d7bba3345030999436413ae199782b7bbdd8964ae1e98c79a,utf-8 (original bytes),3409,5abbbb1d8949956d7bba3345030999436413ae199782b7bbdd8964ae1e98c79a,byte-identical
app/xsl/sv_prot/factor09_1_2.xsl,3680,9648389d368517b378708e21fff29caca7aba3362427f9ec0cbcd8b872559733,utf-8 (original bytes),3680,9648389d368517b378708e21fff29caca7aba3362427f9ec0cbcd8b872559733,byte-identical
app/xsl/sv_prot/factor09_2.xsl,3474,5f1d476a4961a995ab36a9b449a0fbd875321bea850f3e40f1d1d19469769dde,utf-8 (original bytes),3474,5f1d476a4961a995ab36a9b449a0fbd875321bea850f3e40f1d1d19469769dde,byte-identical
app/xsl/sv_prot/factor09_2_2.xsl,3649,91a78f0b14ae92b3a664bb13ca89ecf597519c9d022831ab198671d8ac606f3a,utf-8 (original bytes),3649,91a78f0b14ae92b3a664bb13ca89ecf597519c9d022831ab198671d8ac606f3a,byte-identical
app/xsl/sv_prot/factor09_3.xsl,3409,5abbbb1d8949956d7bba3345030999436413ae199782b7bbdd8964ae1e98c79a,utf-8 (original bytes),3409,5abbbb1d8949956d7bba3345030999436413ae199782b7bbdd8964ae1e98c79a,byte-identical
app/xsl/sv_prot/factor09_3_2.xsl,3680,9648389d368517b378708e21fff29caca7aba3362427f9ec0cbcd8b872559733,utf-8 (original bytes),3680,9648389d368517b378708e21fff29caca7aba3362427f9ec0cbcd8b872559733,byte-identical
app/xsl/sv_prot/factor09_4.xsl,3922,ea1ee6541424860446fe6d33696cfeb92c8e10427342cb3f430a279a362d976d,utf-8 (original bytes),3922,ea1ee6541424860446fe6d33696cfeb92c8e10427342cb3f430a279a362d976d,byte-identical
app/xsl/sv_prot/factor09_4_2.xsl,4598,adc1555b0269405ae7eae11a6ac79470687148d53614a200006278a3ca128142,utf-8 (original bytes),4598,adc1555b0269405ae7eae11a6ac79470687148d53614a200006278a3ca128142,byte-identical
app/xsl/sv_prot/factor0_01.xsl,4093,71f3386a01357a879537f85a2b16b48679b8fcfc5ff66957e1e813d59b3fb090,utf-8 (original bytes),4093,71f3386a01357a879537f85a2b16b48679b8fcfc5ff66957e1e813d59b3fb090,byte-identical
app/xsl/sv_prot/factor0_02.xsl,4372,412051b0a92f6554235262108c47b0f8d7831c851296da92298523e3f37dd922,utf-8 (original bytes),4372,412051b0a92f6554235262108c47b0f8d7831c851296da92298523e3f37dd922,byte-identical
app/xsl/sv_prot/factor10.xsl,3689,06c7cfde5ada49c037005c65079b7ffdaac4a1838226f0476074242a338cc6f1,utf-8 (original bytes),3689,06c7cfde5ada49c037005c65079b7ffdaac4a1838226f0476074242a338cc6f1,byte-identical
app/xsl/sv_prot/factor10009_01.xsl,4115,2b521d0529fee1a5825c17c1187107b4154406e8603879d95c7d1c4e1501e794,utf-8 (original bytes),4115,2b521d0529fee1a5825c17c1187107b4154406e8603879d95c7d1c4e1501e794,byte-identical
app/xsl/sv_prot/factor10099_01.xsl,3581,9f5af756357f048e7fbf21cf0a886435a504ca6e5a1a6f66447db21ee7451444,utf-8 (original bytes),3581,9f5af756357f048e7fbf21cf0a886435a504ca6e5a1a6f66447db21ee7451444,byte-identical
app/xsl/sv_prot/factor10_2.xsl,3911,b46d73b47a6159138ba65bb569d1445872c02074a02d52c42bcd441aefa1d1ad,utf-8 (original bytes),3911,b46d73b47a6159138ba65bb569d1445872c02074a02d52c42bcd441aefa1d1ad,byte-identical
app/xsl/sv_prot/factor10_3.xsl,3717,84288e675f75d6892ed5e779bc0af20ffc11f36cfade65c02dc54a449c097827,utf-8 (original bytes),3717,84288e675f75d6892ed5e779bc0af20ffc11f36cfade65c02dc54a449c097827,byte-identical
app/xsl/sv_prot/factor11.xsl,3704,2c7a9b23c712c76d358d6a00dcfb55269cc90171f8f736c30cbfea69e2d3bb94,utf-8 (original bytes),3704,2c7a9b23c712c76d358d6a00dcfb55269cc90171f8f736c30cbfea69e2d3bb94,byte-identical
app/xsl/sv_prot/factor11_2.xsl,3859,5ec4a0b4614e6f9d99b923cc45290b43db89cf2bd841e44ec958b360dba01575,utf-8 (original bytes),3859,5ec4a0b4614e6f9d99b923cc45290b43db89cf2bd841e44ec958b360dba01575,byte-identical
app/xsl/sv_prot/factor11_3.xsl,3976,0d4f3504754a72bfdac92e8308a77532716170b892bfb5970a3de6b2e4d70321,utf-8 (original bytes),3976,0d4f3504754a72bfdac92e8308a77532716170b892bfb5970a3de6b2e4d70321,byte-identical
app/xsl/sv_prot/factor11_4.xsl,4317,fee829497fd30fa1a2db8a7d378fb6e518f0361bdfdff53b39679c1770f0ba5e,utf-8 (original bytes),4317,fee829497fd30fa1a2db8a7d378fb6e518f0361bdfdff53b39679c1770f0ba5e,byte-identical
app/xsl/sv_prot/factor12.xsl,3489,c1d0404ef1b408576e324422424ee89072d6efedf4fcbc0b65a58609a04ea5b0,utf-8 (original bytes),3489,c1d0404ef1b408576e324422424ee89072d6efedf4fcbc0b65a58609a04ea5b0,byte-identical
app/xsl/sv_prot/factor12_2.xsl,4358,1e3090e867748c8187b79341129a81bd33f3f997700ff9d283c487991ca54b35,utf-8 (original bytes),4358,1e3090e867748c8187b79341129a81bd33f3f997700ff9d283c487991ca54b35,byte-identical
app/xsl/sv_prot/factor12_3.xsl,4567,8915534e41caa00b75d2340ad20f6c54a96fb9c3438fdd79fdb99284ae4ec729,utf-8 (original bytes),4567,8915534e41caa00b75d2340ad20f6c54a96fb9c3438fdd79fdb99284ae4ec729,byte-identical
app/xsl/sv_prot/factor12_4.xsl,4722,1712d148d63e6603481d8d1fcccc2ae4dabcd46ed20a0e84b632aaab474d4fc0,utf-8 (original bytes),4722,1712d148d63e6603481d8d1fcccc2ae4dabcd46ed20a0e84b632aaab474d4fc0,byte-identical
app/xsl/sv_prot/factor12_5.xsl,4839,98ea7724d34b9a08c76fbbedb338ae73e0b98ee7a939af608d82061b4c047fea,utf-8 (original bytes),4839,98ea7724d34b9a08c76fbbedb338ae73e0b98ee7a939af608d82061b4c047fea,byte-identical
app/xsl/sv_prot/factor13.xsl,3970,46c4b5c1c9ff45d5234bba6881acf27ca2f0b61d20e56dac97cf9600564bc7b8,utf-8 (original bytes),3970,46c4b5c1c9ff45d5234bba6881acf27ca2f0b61d20e56dac97cf9600564bc7b8,byte-identical
app/xsl/sv_prot/factor13_2.xsl,4301,33f970f93bb60b60fcccc42c1b54ded42c2fb9ce51c616d293bca127cc9230a1,utf-8 (original bytes),4301,33f970f93bb60b60fcccc42c1b54ded42c2fb9ce51c616d293bca127cc9230a1,byte-identical
app/xsl/sv_prot/factor13_3.xsl,4418,f7deba4ae8af0cee0d02d06cb724296331c0eefbd3570c94eeaa1682220f757e,utf-8 (original bytes),4418,f7deba4ae8af0cee0d02d06cb724296331c0eefbd3570c94eeaa1682220f757e,byte-identical
app/xsl/sv_prot/factor13_4.xsl,4537,d01fcdf32827ff473fe94f9f81794adf796baea683f76faab8af4ff44d7d2943,utf-8 (original bytes),4537,d01fcdf32827ff473fe94f9f81794adf796baea683f76faab8af4ff44d7d2943,byte-identical
app/xsl/sv_prot/factor13_5.xsl,4344,8f23b63434aa4948f83fe3e5522cd70e191b928af0a502f6f2a14b494fb742e3,utf-8 (original bytes),4344,8f23b63434aa4948f83fe3e5522cd70e191b928af0a502f6f2a14b494fb742e3,byte-identical
app/xsl/sv_prot/factor13_6.xsl,4426,7738fb5d4dcfecf84f46e206b44838f1e34da5eff5d5e4facdc59e2a34cfd7c9,utf-8 (original bytes),4426,7738fb5d4dcfecf84f46e206b44838f1e34da5eff5d5e4facdc59e2a34cfd7c9,byte-identical
app/xsl/sv_prot/factor14.xsl,3485,835ee17d2bde3d4da0e15d57b60da48fb53a0c1ef03e01f676551c3a36fda30a,utf-8 (original bytes),3485,835ee17d2bde3d4da0e15d57b60da48fb53a0c1ef03e01f676551c3a36fda30a,byte-identical
app/xsl/sv_prot/factor14_2.xsl,3794,75317e97441ed2db6f1f98fc2e7363fa9e616b77eaa42d0f8ed6f66b765ed216,utf-8 (original bytes),3794,75317e97441ed2db6f1f98fc2e7363fa9e616b77eaa42d0f8ed6f66b765ed216,byte-identical
app/xsl/sv_prot/factor14_3.xsl,3910,0c275dc81414175944103c7983753f648d7ded54d79e661c20c7d2b57490b90c,utf-8 (original bytes),3910,0c275dc81414175944103c7983753f648d7ded54d79e661c20c7d2b57490b90c,byte-identical
app/xsl/sv_prot/factor14_4.xsl,4029,96dd6ebf0615a9e16304f8536d2402600633dafd4a601ed48e8bee3f1e4d9d17,utf-8 (original bytes),4029,96dd6ebf0615a9e16304f8536d2402600633dafd4a601ed48e8bee3f1e4d9d17,byte-identical
app/xsl/sv_prot/factor14_5.xsl,3837,7736488b2cbca7724e82c11cf703c3da8a41356c466582b218e58fc7832103d6,utf-8 (original bytes),3837,7736488b2cbca7724e82c11cf703c3da8a41356c466582b218e58fc7832103d6,byte-identical
app/xsl/sv_prot/factor26.xsl,3474,5f1d476a4961a995ab36a9b449a0fbd875321bea850f3e40f1d1d19469769dde,utf-8 (original bytes),3474,5f1d476a4961a995ab36a9b449a0fbd875321bea850f3e40f1d1d19469769dde,byte-identical
app/xsl/sv_prot/factor26_2.xsl,3676,4eed745f6d8842fc1eb470d127441903b5836827acb09a2a29419ccdc0461602,utf-8 (original bytes),3676,4eed745f6d8842fc1eb470d127441903b5836827acb09a2a29419ccdc0461602,byte-identical
app/xsl/sv_prot/factor26_2_1.xsl,3879,8e8ed18960438546e2d3d5b5caec2de34ca9b80d3c865e211941d5a04b16b27a,utf-8 (original bytes),3879,8e8ed18960438546e2d3d5b5caec2de34ca9b80d3c865e211941d5a04b16b27a,byte-identical
app/xsl/sv_prot/factor26_3.xsl,3811,a3e5c5a316c2bd3e05168b78a6c1dad4d3cd2abaf34373a669bf068db73862b1,utf-8 (original bytes),3811,a3e5c5a316c2bd3e05168b78a6c1dad4d3cd2abaf34373a669bf068db73862b1,byte-identical
app/xsl/sv_prot/factor41.xsl,6263,6c4deafba0143df947aeb1de3af6c3df44c1ff8cf106f9554b9522443829be86,utf-8 (original bytes),6263,6c4deafba0143df947aeb1de3af6c3df44c1ff8cf106f9554b9522443829be86,byte-identical
app/xsl/sv_prot/factor41_2.xsl,6360,d1c84b099b91364a7f40312a9b77a35b3343678baa873d145ebb968b5d2cc060,utf-8 (original bytes),6360,d1c84b099b91364a7f40312a9b77a35b3343678baa873d145ebb968b5d2cc060,byte-identical
app/xsl/sv_prot/forms2019/factor01_01.xsl,19577,f0d00ba1739018026c436bf2ed6baffce5cd3cf7a434c2d329beb3d25cc049d7,utf-8 (original bytes),19577,f0d00ba1739018026c436bf2ed6baffce5cd3cf7a434c2d329beb3d25cc049d7,byte-identical
app/xsl/sv_prot/forms2019/factor01_02.xsl,20553,9831b7485879c225ba134f238b335d356e80e497b9e0e41238b03600acce731b,utf-8 (original bytes),20553,9831b7485879c225ba134f238b335d356e80e497b9e0e41238b03600acce731b,byte-identical
app/xsl/sv_prot/forms2019/factor01_03.xsl,24425,f44b965ea53fd95792b7bdbcff36f077bc2dfa17a5471d31d91962d9ff7bc58a,utf-8 (original bytes),24425,f44b965ea53fd95792b7bdbcff36f077bc2dfa17a5471d31d91962d9ff7bc58a,byte-identical
app/xsl/sv_prot/forms2019/factor01_04.xsl,21358,a8dced55d81f38fc33b33304c2bdeae670f004f7253716b143f99dc0089992ad,utf-8 (original bytes),21358,a8dced55d81f38fc33b33304c2bdeae670f004f7253716b143f99dc0089992ad,byte-identical
app/xsl/sv_prot/forms2019/factor01_05.xsl,22241,c7ea1361b6999ef18ce0ed6376c3f00d0fff8587b1b663194cab6833d8b058c8,utf-8 (original bytes),22241,c7ea1361b6999ef18ce0ed6376c3f00d0fff8587b1b663194cab6833d8b058c8,byte-identical
app/xsl/sv_prot/forms2019/factor03_01.xsl,23482,a045727871da16d68c8d245c9a9e22ab32dab23e12b8cd299ee72a94ec5bf69d,utf-8 (original bytes),23482,a045727871da16d68c8d245c9a9e22ab32dab23e12b8cd299ee72a94ec5bf69d,byte-identical
app/xsl/sv_prot/forms2019/factor03_02.xsl,24458,695ac592d5440092600bb35456eed0d2b290034594f10b2a047b76404127f8bc,utf-8 (original bytes),24458,695ac592d5440092600bb35456eed0d2b290034594f10b2a047b76404127f8bc,byte-identical
app/xsl/sv_prot/forms2019/factor04_01.xsl,22480,dff2085fae18ea3b1640dd933dbfea31b9d3141d851cf761919e8f79ed9722a1,utf-8 (original bytes),22480,dff2085fae18ea3b1640dd933dbfea31b9d3141d851cf761919e8f79ed9722a1,byte-identical
app/xsl/sv_prot/forms2019/factor04_02.xsl,22692,3136d7e604a55ebbf9c9fb05b13c2aa18f1f4cbb2fea6fffe34ad6624e2d6647,utf-8 (original bytes),22692,3136d7e604a55ebbf9c9fb05b13c2aa18f1f4cbb2fea6fffe34ad6624e2d6647,byte-identical
app/xsl/sv_prot/forms2019/factor05_01.xsl,22753,2a68856b3e46e8b02dfc7e4f00e91af9d284ca04b7f3d1db4f09eba7510cd7d4,utf-8 (original bytes),22753,2a68856b3e46e8b02dfc7e4f00e91af9d284ca04b7f3d1db4f09eba7510cd7d4,byte-identical
app/xsl/sv_prot/forms2019/factor05_02.xsl,22856,87d78b2c978bf5f12f6b25b11e5dcbae5d41deefd917313b0328395b1f8fcd68,utf-8 (original bytes),22856,87d78b2c978bf5f12f6b25b11e5dcbae5d41deefd917313b0328395b1f8fcd68,byte-identical
app/xsl/sv_prot/forms2019/factor06_01.xsl,24332,795f655d25ba5db7e68d5dc6c77b345b5e6267821834b33d9d30b5e7fc8c4498,utf-8 (original bytes),24332,795f655d25ba5db7e68d5dc6c77b345b5e6267821834b33d9d30b5e7fc8c4498,byte-identical
app/xsl/sv_prot/forms2019/factor06_02.xsl,24436,74973e027c2ad964eff2c9a6306e31ecdc6baddbb9ba8001a7f5bc863ea57a55,utf-8 (original bytes),24436,74973e027c2ad964eff2c9a6306e31ecdc6baddbb9ba8001a7f5bc863ea57a55,byte-identical
app/xsl/sv_prot/forms2019/factor07_01.xsl,20363,e913032ddc3c50a99132fdfbf99554bdb9296e4862c7dac3ee6df08fc737bf10,utf-8 (original bytes),20363,e913032ddc3c50a99132fdfbf99554bdb9296e4862c7dac3ee6df08fc737bf10,byte-identical
app/xsl/sv_prot/forms2019/factor07_02.xsl,20704,d7dc13dca4ccceb7781a4f18794034ee4e0b69873c559bf0d191e38cd02a8665,utf-8 (original bytes),20704,d7dc13dca4ccceb7781a4f18794034ee4e0b69873c559bf0d191e38cd02a8665,byte-identical
app/xsl/sv_prot/forms2019/factor08_01.xsl,20379,617f8ef4ebdbb55f9cd71e37e24a564ac2139c9ea121b984be5e0023a52c0785,utf-8 (original bytes),20379,617f8ef4ebdbb55f9cd71e37e24a564ac2139c9ea121b984be5e0023a52c0785,byte-identical
app/xsl/sv_prot/forms2019/factor08_02.xsl,20720,3925ac22ce95b8d3eab36d0c0e25b046b31623645a3a2d0e8c7590ea26ae479e,utf-8 (original bytes),20720,3925ac22ce95b8d3eab36d0c0e25b046b31623645a3a2d0e8c7590ea26ae479e,byte-identical
app/xsl/sv_prot/forms2019/factor091_01.xsl,19691,bb33b90234e07d9ee85b34a42fb124b7c71aea061a568237827d157850837950,utf-8 (original bytes),19691,bb33b90234e07d9ee85b34a42fb124b7c71aea061a568237827d157850837950,byte-identical
app/xsl/sv_prot/forms2019/factor092_01.xsl,19717,bce5609a3205a5dd4417f076b0892a97c779cc6e2835c03238782619b1202c28,utf-8 (original bytes),19717,bce5609a3205a5dd4417f076b0892a97c779cc6e2835c03238782619b1202c28,byte-identical
app/xsl/sv_prot/forms2019/factor093_01.xsl,19695,0fc4dbdf14efe2e4ac6f175f9cb05ba0a479a8058a1eb5619a2e7f80ba4809d8,utf-8 (original bytes),19695,0fc4dbdf14efe2e4ac6f175f9cb05ba0a479a8058a1eb5619a2e7f80ba4809d8,byte-identical
app/xsl/sv_prot/forms2019/factor094_01.xsl,22376,390c835eb3e9d8f5bf2a245128cab19bcb1bc47f2b3cdbfbcd6cbe0eb27b5156,utf-8 (original bytes),22376,390c835eb3e9d8f5bf2a245128cab19bcb1bc47f2b3cdbfbcd6cbe0eb27b5156,byte-identical
app/xsl/sv_prot/forms2019/factor10_01.xsl,21558,33ed7cd4be5f588fc3e70bfe6c9c81be6e770f1a92493ab122f030f3a707aa72,utf-8 (original bytes),21558,33ed7cd4be5f588fc3e70bfe6c9c81be6e770f1a92493ab122f030f3a707aa72,byte-identical
app/xsl/sv_prot/forms2019/factor11_01.xsl,17193,c984bf4c1dcec590ff0a3fc13111bd88dcaa012b7d75624b7d0a8042a2fe96b4,utf-8 (original bytes),17193,c984bf4c1dcec590ff0a3fc13111bd88dcaa012b7d75624b7d0a8042a2fe96b4,byte-identical
app/xsl/sv_prot/forms2019/factor12_01.xsl,18871,9f7b30fd235155c1fe0f6c0733a4bb0aef089a8f327fca66061dab0e82217235,utf-8 (original bytes),18871,9f7b30fd235155c1fe0f6c0733a4bb0aef089a8f327fca66061dab0e82217235,byte-identical
app/xsl/sv_prot/forms2019/factor13_01.xsl,16636,9c54d346cb8b44d8eb9e5cd72bddaf469b02be455b37614a2acd9a75cf0963b9,utf-8 (original bytes),16636,9c54d346cb8b44d8eb9e5cd72bddaf469b02be455b37614a2acd9a75cf0963b9,byte-identical
app/xsl/sv_prot/forms2019/factor13_02.xsl,16845,2e1cab783758567d1481ab38912d28af77e12c971e4250eac22efed33fbf9cca,utf-8 (original bytes),16845,2e1cab783758567d1481ab38912d28af77e12c971e4250eac22efed33fbf9cca,byte-identical
app/xsl/sv_prot/forms2019/factor13_03.xsl,18409,ea614710295b59cd4f0c3b9c8342e5654e8a4b37b80d7206aec4275da205d173,utf-8 (original bytes),18409,ea614710295b59cd4f0c3b9c8342e5654e8a4b37b80d7206aec4275da205d173,byte-identical
app/xsl/sv_prot/forms2019/factor14_01.xsl,16296,3ecef709607698c1725726a094d2dbbd5297bac3c4f18b179cea337db40b1f67,utf-8 (original bytes),16296,3ecef709607698c1725726a094d2dbbd5297bac3c4f18b179cea337db40b1f67,byte-identical
app/xsl/sv_prot/forms2019/factor14_02.xsl,16515,ac35a0ae846ec8f8a9dce3d75871b67a8c3a3d52291d41941eed60374093ef16,utf-8 (original bytes),16515,ac35a0ae846ec8f8a9dce3d75871b67a8c3a3d52291d41941eed60374093ef16,byte-identical
app/xsl/sv_prot/forms2019/factor14_03.xsl,17872,a2942607114106ec23127aabbda401ef8e64ab5d05a2f8040ce47b7d4c8f4f8f,utf-8 (original bytes),17872,a2942607114106ec23127aabbda401ef8e64ab5d05a2f8040ce47b7d4c8f4f8f,byte-identical
app/xsl/sv_prot/forms2019/factor26_01.xsl,19701,31d0e20f06b5bfe914e82d6cb80149ed3c6b2215cd7ba24de014b9308f257d9b,utf-8 (original bytes),19701,31d0e20f06b5bfe914e82d6cb80149ed3c6b2215cd7ba24de014b9308f257d9b,byte-identical
app/xsl/sv_prot/forms2019/factor41_01.xsl,26041,fca38a21625bc09e3d6e70b83035f58baefecf563deddb8ae600e5ae7ac72ee6,utf-8 (original bytes),26041,fca38a21625bc09e3d6e70b83035f58baefecf563deddb8ae600e5ae7ac72ee6,byte-identical
app/xsl/sv_prot/forms2019/factor_dop.xsl,10081,e9b0b1ac442216b7db69c544f056a300949840d5637af9126c7f0869d3354bf5,utf-8 (original bytes),10081,e9b0b1ac442216b7db69c544f056a300949840d5637af9126c7f0869d3354bf5,byte-identical
app/xsl/sv_prot/forms2019/izm/factor01_01.xsl,19588,144a0d597867aafff741bf72049a489e5377d8869bd2a13f7591bbf4f9909498,utf-8 (original bytes),19588,144a0d597867aafff741bf72049a489e5377d8869bd2a13f7591bbf4f9909498,byte-identical
app/xsl/sv_prot/forms2019/izm/factor03_01.xsl,23321,0bf3774e66ca2011bd9693ef52042b48c9d55d09851e5b5784c9e00075a95368,utf-8 (original bytes),23321,0bf3774e66ca2011bd9693ef52042b48c9d55d09851e5b5784c9e00075a95368,byte-identical
app/xsl/sv_prot/forms2019/izm/factor04_01.xsl,20611,5d55c4baac748b72e4efe3b508fa3bc80a869d5b28afeac2da8a1ce72f9efafb,utf-8 (original bytes),20611,5d55c4baac748b72e4efe3b508fa3bc80a869d5b28afeac2da8a1ce72f9efafb,byte-identical
app/xsl/sv_prot/forms2019/izm/factor04_02.xsl,20715,6f5fbf3389438e6885d3fe422389832876a5477e0de4df61f4c2f0112c7b7f48,utf-8 (original bytes),20715,6f5fbf3389438e6885d3fe422389832876a5477e0de4df61f4c2f0112c7b7f48,byte-identical
app/xsl/sv_prot/forms2019/izm/factor05_01.xsl,23128,4094568d9b4254dcf2d4497b897a37e9459872f101e523952dc5e567743cacb8,utf-8 (original bytes),23128,4094568d9b4254dcf2d4497b897a37e9459872f101e523952dc5e567743cacb8,byte-identical
app/xsl/sv_prot/forms2019/izm/factor05_02.xsl,23231,12f66487d6d4cdfb2e845e28ea1da715bd17cfa76396ff90d9f4153f5d0b8c6c,utf-8 (original bytes),23231,12f66487d6d4cdfb2e845e28ea1da715bd17cfa76396ff90d9f4153f5d0b8c6c,byte-identical
app/xsl/sv_prot/forms2019/izm/factor06_01.xsl,24699,b888198436ff4769e49c28f99915a52f90e8b690f054bd5516d4adaa55118287,utf-8 (original bytes),24699,b888198436ff4769e49c28f99915a52f90e8b690f054bd5516d4adaa55118287,byte-identical
app/xsl/sv_prot/forms2019/izm/factor06_02.xsl,24803,71ce7d121002dc19fdd680aa22bb02ad5350f50675b4c5a112cab825e73742bd,utf-8 (original bytes),24803,71ce7d121002dc19fdd680aa22bb02ad5350f50675b4c5a112cab825e73742bd,byte-identical
app/xsl/sv_prot/forms2019/izm/factor07_01.xsl,20738,f9e0ae00843e20ca97c4ecc65879864b0d3e6fd819ee3421d5a4840ab05d466c,utf-8 (original bytes),20738,f9e0ae00843e20ca97c4ecc65879864b0d3e6fd819ee3421d5a4840ab05d466c,byte-identical
app/xsl/sv_prot/forms2019/izm/factor07_02.xsl,21075,965a76aab95d3e65a017f524f3b8eccf0f07f1788e3a1192bb604a54146794e9,utf-8 (original bytes),21075,965a76aab95d3e65a017f524f3b8eccf0f07f1788e3a1192bb604a54146794e9,byte-identical
app/xsl/sv_prot/forms2019/izm/factor08_01.xsl,20754,495fd25afb4c7932c39426906a5833f6c71e3cc0ca3f9cc25e4cac1390877f07,utf-8 (original bytes),20754,495fd25afb4c7932c39426906a5833f6c71e3cc0ca3f9cc25e4cac1390877f07,byte-identical
app/xsl/sv_prot/forms2019/izm/factor08_02.xsl,21095,e671c835fc7f5b2411057f34ea1bb597acb4cfc62dcd90f8a0dbd1af88da11c8,utf-8 (original bytes),21095,e671c835fc7f5b2411057f34ea1bb597acb4cfc62dcd90f8a0dbd1af88da11c8,byte-identical
app/xsl/sv_prot/forms2019/izm/factor091_01.xsl,20066,b8b25da72e62fb4a5d16d1bebb61064bd992d662537fcb413fe50b3d987bbe42,utf-8 (original bytes),20066,b8b25da72e62fb4a5d16d1bebb61064bd992d662537fcb413fe50b3d987bbe42,byte-identical
app/xsl/sv_prot/forms2019/izm/factor092_01.xsl,20092,b431babbb3c59599a8b5a99fe82abe630e2c6704d3460417106829ee7c3f2212,utf-8 (original bytes),20092,b431babbb3c59599a8b5a99fe82abe630e2c6704d3460417106829ee7c3f2212,byte-identical
app/xsl/sv_prot/forms2019/izm/factor093_01.xsl,20154,6f4053c4bdfdb68b39e4a12439091cbdbe694940817591f52f1bc42d76fa0e6d,utf-8 (original bytes),20154,6f4053c4bdfdb68b39e4a12439091cbdbe694940817591f52f1bc42d76fa0e6d,byte-identical
app/xsl/sv_prot/forms2019/izm/factor094_01.xsl,22427,223c135861c7ec1a98b09c4cc45b3575120d46cd3fbf15118d3b6957f5ffe64c,utf-8 (original bytes),22427,223c135861c7ec1a98b09c4cc45b3575120d46cd3fbf15118d3b6957f5ffe64c,byte-identical
app/xsl/sv_prot/forms2019/izm/factor10_01.xsl,21968,685bee62190018fa0f203373ddfe28c60f9fbf4eb1950bc62afe5e5c49c18857,utf-8 (original bytes),21968,685bee62190018fa0f203373ddfe28c60f9fbf4eb1950bc62afe5e5c49c18857,byte-identical
app/xsl/sv_prot/forms2019/izm/factor11_01.xsl,17569,0ff2d21144d3c4aac075bcb67399d2016a399b65a7c97c32b8d7e82e9f7b35ca,utf-8 (original bytes),17569,0ff2d21144d3c4aac075bcb67399d2016a399b65a7c97c32b8d7e82e9f7b35ca,byte-identical
app/xsl/sv_prot/forms2019/izm/factor12_01.xsl,19236,69f951c840435f9118f9b375983b45152959fe874b10203c431a2ade0d3d388e,utf-8 (original bytes),19236,69f951c840435f9118f9b375983b45152959fe874b10203c431a2ade0d3d388e,byte-identical
app/xsl/sv_prot/forms2019/izm/factor13_01.xsl,16758,5c990dc49deaa7e599d9d82ffa9b23aff11c074d5cbc3cd0cceb6c3a07d02ed1,utf-8 (original bytes),16758,5c990dc49deaa7e599d9d82ffa9b23aff11c074d5cbc3cd0cceb6c3a07d02ed1,byte-identical
app/xsl/sv_prot/forms2019/izm/factor13_02.xsl,18211,1bbebc193e3064b5b06333bdab85b43d669f6ace85cc295f26760bd1ad92e820,utf-8 (original bytes),18211,1bbebc193e3064b5b06333bdab85b43d669f6ace85cc295f26760bd1ad92e820,byte-identical
app/xsl/sv_prot/forms2019/izm/factor14_01.xsl,16755,172793ad44bb33e81ac47c5ae040110373b8492775722691213e45bf1abc2f3b,utf-8 (original bytes),16755,172793ad44bb33e81ac47c5ae040110373b8492775722691213e45bf1abc2f3b,byte-identical
app/xsl/sv_prot/forms2019/izm/factor14_02.xsl,18094,b3400458abc58a812915217546ce2d52a578326282e4864d28734fa834455290,utf-8 (original bytes),18094,b3400458abc58a812915217546ce2d52a578326282e4864d28734fa834455290,byte-identical
app/xsl/sv_prot/forms2019/izm/factor26_01.xsl,20161,82af5e1ce45fbabc52ed192abecf70be903a91e7eb5eee1f0f0480f1cce6f387,utf-8 (original bytes),20161,82af5e1ce45fbabc52ed192abecf70be903a91e7eb5eee1f0f0480f1cce6f387,byte-identical
app/xsl/sv_prot/forms2019/izm/factor41_01.xsl,26489,3409a964894322a2c07fae5eb60cff5b24dbc8237870da5a77a6b3997798f62a,utf-8 (original bytes),26489,3409a964894322a2c07fae5eb60cff5b24dbc8237870da5a77a6b3997798f62a,byte-identical
app/xsl/sv_prot/forms2019/izm/factor_dop.xsl,10081,e9b0b1ac442216b7db69c544f056a300949840d5637af9126c7f0869d3354bf5,utf-8 (original bytes),10081,e9b0b1ac442216b7db69c544f056a300949840d5637af9126c7f0869d3354bf5,byte-identical
app/xsl/sv_prot/izm/factor01.xsl,3103,cb85f26695fd7cd77ce60349283342ad445964cb4b817e6f55ebea6245315067,utf-8 (original bytes),3103,cb85f26695fd7cd77ce60349283342ad445964cb4b817e6f55ebea6245315067,byte-identical
app/xsl/sv_prot/izm/factor01_2.xsl,3325,3f5e82202c507ca6617af5d505e2c328cc140123a174c8adeab3eb826d925c80,utf-8 (original bytes),3325,3f5e82202c507ca6617af5d505e2c328cc140123a174c8adeab3eb826d925c80,byte-identical
app/xsl/sv_prot/izm/factor01_3.xsl,3479,e8e40a035d5008751c20465eb8088c10cbc9b87f5b9aa752c0790a7121694db8,utf-8 (original bytes),3479,e8e40a035d5008751c20465eb8088c10cbc9b87f5b9aa752c0790a7121694db8,byte-identical
app/xsl/sv_prot/izm/factor01_4.xsl,3626,c4c13f4b90858aa1f757b74b140fcff7725b034e0c04941716e70d95cab91e69,utf-8 (original bytes),3626,c4c13f4b90858aa1f757b74b140fcff7725b034e0c04941716e70d95cab91e69,byte-identical
app/xsl/sv_prot/izm/factor01_41.xsl,3798,bab71c13bb810355eca5f89535bbe57cb04eb6b63a8fdd514de84bf6cf5925c4,utf-8 (original bytes),3798,bab71c13bb810355eca5f89535bbe57cb04eb6b63a8fdd514de84bf6cf5925c4,byte-identical
app/xsl/sv_prot/izm/factor01_5.xsl,2974,e4008d0abbb21ba98dd5c4a16977495dfddd990f7f3c4d50b5713f8cb03692fc,utf-8 (original bytes),2974,e4008d0abbb21ba98dd5c4a16977495dfddd990f7f3c4d50b5713f8cb03692fc,byte-identical
app/xsl/sv_prot/izm/factor01_6.xsl,3457,3aa529ab7bd50faf8e98a34c1019b0143a77c22ad2742e0362ddf85b0b55e022,utf-8 (original bytes),3457,3aa529ab7bd50faf8e98a34c1019b0143a77c22ad2742e0362ddf85b0b55e022,byte-identical
app/xsl/sv_prot/izm/factor03.xsl,3090,0cbd4124601db39a10eb1399fb5624b1eb46e339a7fa0b4d8406df393b354e24,utf-8 (original bytes),3090,0cbd4124601db39a10eb1399fb5624b1eb46e339a7fa0b4d8406df393b354e24,byte-identical
app/xsl/sv_prot/izm/factor03_2.xsl,3325,3f5e82202c507ca6617af5d505e2c328cc140123a174c8adeab3eb826d925c80,utf-8 (original bytes),3325,3f5e82202c507ca6617af5d505e2c328cc140123a174c8adeab3eb826d925c80,byte-identical
app/xsl/sv_prot/izm/factor03_3.xsl,3477,74e4f9dd28a9d34a6c02d46aafe68407cf2233e8b92328eabab8b3e295975823,utf-8 (original bytes),3477,74e4f9dd28a9d34a6c02d46aafe68407cf2233e8b92328eabab8b3e295975823,byte-identical
app/xsl/sv_prot/izm/factor03_4.xsl,3626,c4c13f4b90858aa1f757b74b140fcff7725b034e0c04941716e70d95cab91e69,utf-8 (original bytes),3626,c4c13f4b90858aa1f757b74b140fcff7725b034e0c04941716e70d95cab91e69,byte-identical
app/xsl/sv_prot/izm/factor03_41.xsl,3781,8cbec77e86e24110023440fd32bb6391f23b99823ca9cfea02f7861d8672e296,utf-8 (original bytes),3781,8cbec77e86e24110023440fd32bb6391f23b99823ca9cfea02f7861d8672e296,byte-identical
app/xsl/sv_prot/izm/factor03_5.xsl,2974,e4008d0abbb21ba98dd5c4a16977495dfddd990f7f3c4d50b5713f8cb03692fc,utf-8 (original bytes),2974,e4008d0abbb21ba98dd5c4a16977495dfddd990f7f3c4d50b5713f8cb03692fc,byte-identical
app/xsl/sv_prot/izm/factor04.xsl,3166,c556ae405a3cf941ff664fb57b3087ec09203085eab9d56da49674b6e702e83b,utf-8 (original bytes),3166,c556ae405a3cf941ff664fb57b3087ec09203085eab9d56da49674b6e702e83b,byte-identical
app/xsl/sv_prot/izm/factor04_2.xsl,3401,2aecdc30e7b5fc4efdf7084aae1f6d4d5daf4bf84545c7376651d0d5080003d4,utf-8 (original bytes),3401,2aecdc30e7b5fc4efdf7084aae1f6d4d5daf4bf84545c7376651d0d5080003d4,byte-identical
app/xsl/sv_prot/izm/factor04_3.xsl,3517,2cd3723542de399b606613c7a245a01c6a2dbb1d5d14034cb2fbd3b5e8d4b259,utf-8 (original bytes),3517,2cd3723542de399b606613c7a245a01c6a2dbb1d5d14034cb2fbd3b5e8d4b259,byte-identical
app/xsl/sv_prot/izm/factor04_5.xsl,2990,179e3d5c9c20cc6b81bac8e69b4e4067fd75dca89e0424fd4f1e27cccc8aee93,utf-8 (original bytes),2990,179e3d5c9c20cc6b81bac8e69b4e4067fd75dca89e0424fd4f1e27cccc8aee93,byte-identical
app/xsl/sv_prot/izm/factor05.xsl,2974,972cb0463672e772ba81baa25ecfe5983eed8aedb41a91cb9caefacef57f1151,utf-8 (original bytes),2974,972cb0463672e772ba81baa25ecfe5983eed8aedb41a91cb9caefacef57f1151,byte-identical
app/xsl/sv_prot/izm/factor05_2.xsl,3209,3fe6bc5ac2ee59012d17cf64319cfac6b0abcdcd0d39941d16282b4c3ff88305,utf-8 (original bytes),3209,3fe6bc5ac2ee59012d17cf64319cfac6b0abcdcd0d39941d16282b4c3ff88305,byte-identical
app/xsl/sv_prot/izm/factor05_3.xsl,3943,cc7599c9eeaa0699aca1844341db379d1916e8c416cb8e67437d61e447098b6c,utf-8 (original bytes),3943,cc7599c9eeaa0699aca1844341db379d1916e8c416cb8e67437d61e447098b6c,byte-identical
app/xsl/sv_prot/izm/factor05_5.xsl,2998,672b37af27bafb3771688d5d786f49c5476e63f388be39a31ae2b9643331bcc6,utf-8 (original bytes),2998,672b37af27bafb3771688d5d786f49c5476e63f388be39a31ae2b9643331bcc6,byte-identical
app/xsl/sv_prot/izm/factor05_6.xsl,7071,8ec24b7e0bf2516dbbbf97cfe5219a9f940314a5906d6e47da6d43c5bcd91f5a,utf-8 (original bytes),7071,8ec24b7e0bf2516dbbbf97cfe5219a9f940314a5906d6e47da6d43c5bcd91f5a,byte-identical
app/xsl/sv_prot/izm/factor06.xsl,3302,4b54f95aab6c7fe290c6f1dec300f23454ef19ab6ab8b80d3de607d7d792a885,utf-8 (original bytes),3302,4b54f95aab6c7fe290c6f1dec300f23454ef19ab6ab8b80d3de607d7d792a885,byte-identical
app/xsl/sv_prot/izm/factor06_2.xsl,3537,412d3a6cc86e1b9dd26c02d5d42c6d7dd116515d2e7b155e6935839edbe227f5,utf-8 (original bytes),3537,412d3a6cc86e1b9dd26c02d5d42c6d7dd116515d2e7b155e6935839edbe227f5,byte-identical
app/xsl/sv_prot/izm/factor06_3.xsl,3715,ba7040ea3bf5391c5baf86da06caff3421bf4c3fa78772b55d8317dc495953c0,utf-8 (original bytes),3715,ba7040ea3bf5391c5baf86da06caff3421bf4c3fa78772b55d8317dc495953c0,byte-identical
app/xsl/sv_prot/izm/factor06_5.xsl,3021,102cdb388dee2f130618bb0d7025f538fe3acf91bc03006d895da1fabdb263f4,utf-8 (original bytes),3021,102cdb388dee2f130618bb0d7025f538fe3acf91bc03006d895da1fabdb263f4,byte-identical
app/xsl/sv_prot/izm/factor06_6.xsl,3882,e6fab018786d982591ca47bb50ee43fbc807e63152fb172152abd3c82e4078cd,utf-8 (original bytes),3882,e6fab018786d982591ca47bb50ee43fbc807e63152fb172152abd3c82e4078cd,byte-identical
app/xsl/sv_prot/izm/factor07.xsl,3447,b3eec284ee7b52068a88b40f4b43cd75e0dfbb398cf2c8a01a0b753c98f80284,utf-8 (original bytes),3447,b3eec284ee7b52068a88b40f4b43cd75e0dfbb398cf2c8a01a0b753c98f80284,byte-identical
app/xsl/sv_prot/izm/factor07_2.xsl,3682,a4751e6762937b1df25a5100cc9060688d3ede2d63d15b626d14b7d031d2ccac,utf-8 (original bytes),3682,a4751e6762937b1df25a5100cc9060688d3ede2d63d15b626d14b7d031d2ccac,byte-identical
app/xsl/sv_prot/izm/factor07_3.xsl,3807,f40ced706da2bce525ab2a9ad5e882f0c780179ed5717e895fdaba7c365b376a,utf-8 (original bytes),3807,f40ced706da2bce525ab2a9ad5e882f0c780179ed5717e895fdaba7c365b376a,byte-identical
app/xsl/sv_prot/izm/factor07_5.xsl,3021,102cdb388dee2f130618bb0d7025f538fe3acf91bc03006d895da1fabdb263f4,utf-8 (original bytes),3021,102cdb388dee2f130618bb0d7025f538fe3acf91bc03006d895da1fabdb263f4,byte-identical
app/xsl/sv_prot/izm/factor08.xsl,3447,b3eec284ee7b52068a88b40f4b43cd75e0dfbb398cf2c8a01a0b753c98f80284,utf-8 (original bytes),3447,b3eec284ee7b52068a88b40f4b43cd75e0dfbb398cf2c8a01a0b753c98f80284,byte-identical
app/xsl/sv_prot/izm/factor08_2.xsl,3682,5ffaec6840ba0d5258bb7a15bcf9ee61c3b3eaac90f2c59a573fe8821e88f70e,utf-8 (original bytes),3682,5ffaec6840ba0d5258bb7a15bcf9ee61c3b3eaac90f2c59a573fe8821e88f70e,byte-identical
app/xsl/sv_prot/izm/factor08_3.xsl,3807,f40ced706da2bce525ab2a9ad5e882f0c780179ed5717e895fdaba7c365b376a,utf-8 (original bytes),3807,f40ced706da2bce525ab2a9ad5e882f0c780179ed5717e895fdaba7c365b376a,byte-identical
app/xsl/sv_prot/izm/factor08_5.xsl,3022,d374d76b08bad1ab091ae584b962ed34df71ac324753b34b5004b897b8dff611,utf-8 (original bytes),3022,d374d76b08bad1ab091ae584b962ed34df71ac324753b34b5004b897b8dff611,byte-identical
app/xsl/sv_prot/izm/factor09_1.xsl,3095,2f139d9afae86023edd9355274169cc5389b736e666fe592074351993fa18b75,utf-8 (original bytes),3095,2f139d9afae86023edd9355274169cc5389b736e666fe592074351993fa18b75,byte-identical
app/xsl/sv_prot/izm/factor09_1_2.xsl,3368,af66b4eeea3a01bf20d449de75df212cb496a04faf8c84f92519f5de217b2466,utf-8 (original bytes),3368,af66b4eeea3a01bf20d449de75df212cb496a04faf8c84f92519f5de217b2466,byte-identical
app/xsl/sv_prot/izm/factor09_1_3.xsl,3648,5a2de04ab4eace7b9b7db04ad89589acf4d70509b697288b5524602d15de282b,utf-8 (original bytes),3648,5a2de04ab4eace7b9b7db04ad89589acf4d70509b697288b5524602d15de282b,byte-identical
app/xsl/sv_prot/izm/factor09_1_5.xsl,2974,e4008d0abbb21ba98dd5c4a16977495dfddd990f7f3c4d50b5713f8cb03692fc,utf-8 (original bytes),2974,e4008d0abbb21ba98dd5c4a16977495dfddd990f7f3c4d50b5713f8cb03692fc,byte-identical
app/xsl/sv_prot/izm/factor09_2.xsl,3160,46ff084d40ee2ff34a4cfad2acba8fa09712bb536a868ebcd0be26365d1b32d6,utf-8 (original bytes),3160,46ff084d40ee2ff34a4cfad2acba8fa09712bb536a868ebcd0be26365d1b32d6,byte-identical
app/xsl/sv_prot/izm/factor09_2_2.xsl,3337,fa7c810a8cb1e6af00c09f4c60b667beed0c81c508e6ba0a32ce9e633086a43f,utf-8 (original bytes),3337,fa7c810a8cb1e6af00c09f4c60b667beed0c81c508e6ba0a32ce9e633086a43f,byte-identical
app/xsl/sv_prot/izm/factor09_2_3.xsl,3627,8fa6c2660ff0adf37fb778a13a8c84d24dd0abd4b37aede2c049ed82204307b2,utf-8 (original bytes),3627,8fa6c2660ff0adf37fb778a13a8c84d24dd0abd4b37aede2c049ed82204307b2,byte-identical
app/xsl/sv_prot/izm/factor09_2_5.xsl,2974,e4008d0abbb21ba98dd5c4a16977495dfddd990f7f3c4d50b5713f8cb03692fc,utf-8 (original bytes),2974,e4008d0abbb21ba98dd5c4a16977495dfddd990f7f3c4d50b5713f8cb03692fc,byte-identical
app/xsl/sv_prot/izm/factor09_3.xsl,3095,2f139d9afae86023edd9355274169cc5389b736e666fe592074351993fa18b75,utf-8 (original bytes),3095,2f139d9afae86023edd9355274169cc5389b736e666fe592074351993fa18b75,byte-identical
app/xsl/sv_prot/izm/factor09_3_2.xsl,3368,af66b4eeea3a01bf20d449de75df212cb496a04faf8c84f92519f5de217b2466,utf-8 (original bytes),3368,af66b4eeea3a01bf20d449de75df212cb496a04faf8c84f92519f5de217b2466,byte-identical
app/xsl/sv_prot/izm/factor09_3_3.xsl,3658,7c431a14bbd90f7a5533d94879467385ce3acf41331d9b5545c5ee57aac65ec2,utf-8 (original bytes),3658,7c431a14bbd90f7a5533d94879467385ce3acf41331d9b5545c5ee57aac65ec2,byte-identical
app/xsl/sv_prot/izm/factor09_3_5.xsl,2974,e4008d0abbb21ba98dd5c4a16977495dfddd990f7f3c4d50b5713f8cb03692fc,utf-8 (original bytes),2974,e4008d0abbb21ba98dd5c4a16977495dfddd990f7f3c4d50b5713f8cb03692fc,byte-identical
app/xsl/sv_prot/izm/factor09_4.xsl,3716,84200699e1a152c37d880f7900ffae453b660bd3ac2d34c03ca55ec1dbef2586,utf-8 (original bytes),3716,84200699e1a152c37d880f7900ffae453b660bd3ac2d34c03ca55ec1dbef2586,byte-identical
app/xsl/sv_prot/izm/factor09_4_2.xsl,3807,48e9a60f174844ee36af986ff2ee5756479177aa5ce8671b70847352fbbe1436,utf-8 (original bytes),3807,48e9a60f174844ee36af986ff2ee5756479177aa5ce8671b70847352fbbe1436,byte-identical
app/xsl/sv_prot/izm/factor09_4_3.xsl,4097,a3bcd2dcfaabaf4ff4e1cd3cf226f6fe56241be7b65b9c91c674a0235c2a9782,utf-8 (original bytes),4097,a3bcd2dcfaabaf4ff4e1cd3cf226f6fe56241be7b65b9c91c674a0235c2a9782,byte-identical
app/xsl/sv_prot/izm/factor09_4_5.xsl,3689,a3427fe3f5ddb5ab921804f435d2a10332314f9bf1c2dccf153513016cbde60d,utf-8 (original bytes),3689,a3427fe3f5ddb5ab921804f435d2a10332314f9bf1c2dccf153513016cbde60d,byte-identical
app/xsl/sv_prot/izm/factor10.xsl,3160,46ff084d40ee2ff34a4cfad2acba8fa09712bb536a868ebcd0be26365d1b32d6,utf-8 (original bytes),3160,46ff084d40ee2ff34a4cfad2acba8fa09712bb536a868ebcd0be26365d1b32d6,byte-identical
app/xsl/sv_prot/izm/factor10009_01.xsl,3889,01f7a73ace8a2284e494ad563f50fe81747ecb4b2d286e5dd39b00d8ca292533,utf-8 (original bytes),3889,01f7a73ace8a2284e494ad563f50fe81747ecb4b2d286e5dd39b00d8ca292533,byte-identical
app/xsl/sv_prot/izm/factor10_5.xsl,2974,e4008d0abbb21ba98dd5c4a16977495dfddd990f7f3c4d50b5713f8cb03692fc,utf-8 (original bytes),2974,e4008d0abbb21ba98dd5c4a16977495dfddd990f7f3c4d50b5713f8cb03692fc,byte-identical
app/xsl/sv_prot/izm/factor11.xsl,3220,b062d382e75dbb4dc63a611f8db0ba4142d09afa345704ecd7993711b09ab35d,utf-8 (original bytes),3220,b062d382e75dbb4dc63a611f8db0ba4142d09afa345704ecd7993711b09ab35d,byte-identical
app/xsl/sv_prot/izm/factor11_2.xsl,3375,1e798ae67d0fb062166812d3d5bb9a2d923a26803744cc7e032807ff6c673297,utf-8 (original bytes),3375,1e798ae67d0fb062166812d3d5bb9a2d923a26803744cc7e032807ff6c673297,byte-identical
app/xsl/sv_prot/izm/factor11_3.xsl,3488,95efffd5d6415b522cdc0155beae60fb9654463a4d6ed1f5290f31aee729cd8d,utf-8 (original bytes),3488,95efffd5d6415b522cdc0155beae60fb9654463a4d6ed1f5290f31aee729cd8d,byte-identical
app/xsl/sv_prot/izm/factor11_4.xsl,3778,ba7abe448c620c92dbb7d3e0f0b39873fcc162a0cb86d22dbb92b36054b93233,utf-8 (original bytes),3778,ba7abe448c620c92dbb7d3e0f0b39873fcc162a0cb86d22dbb92b36054b93233,byte-identical
app/xsl/sv_prot/izm/factor11_5.xsl,2969,01ea176d1acb6b46adf2a1e099efea303637d46c7f241df32b3848759549a9f3,utf-8 (original bytes),2969,01ea176d1acb6b46adf2a1e099efea303637d46c7f241df32b3848759549a9f3,byte-identical
app/xsl/sv_prot/izm/factor12.xsl,3175,8e0f330a5be98f48ed303134bc73afb364df8e10bb2ebb4bbfada89676d27cee,utf-8 (original bytes),3175,8e0f330a5be98f48ed303134bc73afb364df8e10bb2ebb4bbfada89676d27cee,byte-identical
app/xsl/sv_prot/izm/factor12_2.xsl,3768,d6cef7c942f7b6b9595b22b13bae24d5ce42161841fe488d5e5ae07f92f8e2c7,utf-8 (original bytes),3768,d6cef7c942f7b6b9595b22b13bae24d5ce42161841fe488d5e5ae07f92f8e2c7,byte-identical
app/xsl/sv_prot/izm/factor12_3.xsl,3951,c2c913f22130b2aa77b58b3dcb579ccf9f7a3cd0b3c8e70596d41406b5cd463e,utf-8 (original bytes),3951,c2c913f22130b2aa77b58b3dcb579ccf9f7a3cd0b3c8e70596d41406b5cd463e,byte-identical
app/xsl/sv_prot/izm/factor12_4.xsl,4106,963105733f0f1d3559fd27b4236974ac4e72c12b2626e0498d2f4d94eab2b00b,utf-8 (original bytes),4106,963105733f0f1d3559fd27b4236974ac4e72c12b2626e0498d2f4d94eab2b00b,byte-identical
app/xsl/sv_prot/izm/factor12_41.xsl,4513,c9a2f137a00cc965287845201d148816b0bcf65c5d302f6293faa2170d98a67f,utf-8 (original bytes),4513,c9a2f137a00cc965287845201d148816b0bcf65c5d302f6293faa2170d98a67f,byte-identical
app/xsl/sv_prot/izm/factor12_5.xsl,2974,e4008d0abbb21ba98dd5c4a16977495dfddd990f7f3c4d50b5713f8cb03692fc,utf-8 (original bytes),2974,e4008d0abbb21ba98dd5c4a16977495dfddd990f7f3c4d50b5713f8cb03692fc,byte-identical
app/xsl/sv_prot/izm/factor13.xsl,3516,d67b1b5935d5abf97ecdd9f65f5343fbab5db12a3bf17ca588ba87e5da69f97d,utf-8 (original bytes),3516,d67b1b5935d5abf97ecdd9f65f5343fbab5db12a3bf17ca588ba87e5da69f97d,byte-identical
app/xsl/sv_prot/izm/factor1301_1.xsl,12972,0dc11ef423a0801f32410b76f504591dfd154bb59efaf2c3fe238462391efcb0,utf-8 (original bytes),12972,0dc11ef423a0801f32410b76f504591dfd154bb59efaf2c3fe238462391efcb0,byte-identical
app/xsl/sv_prot/izm/factor1301_2.xsl,19817,a52af2a92aed67760ae7bf8c2a8305cc8eb2a018b822c7abb6cd0f2d8b9c1944,utf-8 (original bytes),19817,a52af2a92aed67760ae7bf8c2a8305cc8eb2a018b822c7abb6cd0f2d8b9c1944,byte-identical
app/xsl/sv_prot/izm/factor1301_3.xsl,23050,d4ebff818b077a4dddc3256e5efb93f987d993819448639aa4981bd07cbf2b50,utf-8 (original bytes),23050,d4ebff818b077a4dddc3256e5efb93f987d993819448639aa4981bd07cbf2b50,byte-identical
app/xsl/sv_prot/izm/factor13_2.xsl,3683,05e0815a13c7e7e678fc9d832997c977ba33755026a4f1fb0650bf8e49b79d8c,utf-8 (original bytes),3683,05e0815a13c7e7e678fc9d832997c977ba33755026a4f1fb0650bf8e49b79d8c,byte-identical
app/xsl/sv_prot/izm/factor13_3.xsl,3207,57cac5f90017906287486959289a3a568b50ca2fbbc28932e7a36d24b4604001,utf-8 (original bytes),3207,57cac5f90017906287486959289a3a568b50ca2fbbc28932e7a36d24b4604001,byte-identical
app/xsl/sv_prot/izm/factor13_4.xsl,3323,6285650d7d626125eff352d322ad7f5c52e03b50ef96e4f456d7cfb0ec929791,utf-8 (original bytes),3323,6285650d7d626125eff352d322ad7f5c52e03b50ef96e4f456d7cfb0ec929791,byte-identical
app/xsl/sv_prot/izm/factor14.xsl,3419,f321726c9163f3476b3184c934efb01c5f0333e78a259ed48295dbf2ea592951,utf-8 (original bytes),3419,f321726c9163f3476b3184c934efb01c5f0333e78a259ed48295dbf2ea592951,byte-identical
app/xsl/sv_prot/izm/factor14_1.xsl,3536,dd870e573e6020c0f0985be4eba3314f32d8f2fbfc172ff87db703d93596df7d,utf-8 (original bytes),3536,dd870e573e6020c0f0985be4eba3314f32d8f2fbfc172ff87db703d93596df7d,byte-identical
app/xsl/sv_prot/izm/factor14_2.xsl,3586,483e76141170db5edbce5a82d7f120a71a63b2824590b8cda7454c63af77cf46,utf-8 (original bytes),3586,483e76141170db5edbce5a82d7f120a71a63b2824590b8cda7454c63af77cf46,byte-identical
app/xsl/sv_prot/izm/factor14_3.xsl,3110,dce60a613fa1dd411613edac65cd3c7b50575a2f0e25c5260cf90715a7d12cd3,utf-8 (original bytes),3110,dce60a613fa1dd411613edac65cd3c7b50575a2f0e25c5260cf90715a7d12cd3,byte-identical
app/xsl/sv_prot/izm/factor14_4.xsl,3761,be5b08623f3f1dc85b03ba05e55f99c618d4f32e150bd7a26a0ebebad677b20e,utf-8 (original bytes),3761,be5b08623f3f1dc85b03ba05e55f99c618d4f32e150bd7a26a0ebebad677b20e,byte-identical
app/xsl/sv_prot/izm/factor26.xsl,3160,46ff084d40ee2ff34a4cfad2acba8fa09712bb536a868ebcd0be26365d1b32d6,utf-8 (original bytes),3160,46ff084d40ee2ff34a4cfad2acba8fa09712bb536a868ebcd0be26365d1b32d6,byte-identical
app/xsl/sv_prot/izm/factor26_2.xsl,3399,e31069a17eb0f00178345ddb82c09a5fa34f2585475c9d08c325cff8fa5816de,utf-8 (original bytes),3399,e31069a17eb0f00178345ddb82c09a5fa34f2585475c9d08c325cff8fa5816de,byte-identical
app/xsl/sv_prot/izm/factor26_3.xsl,3689,23721f114c05a877ddda7b25b5a5f47c6079c633bb3a52791547c36e8d4773e1,utf-8 (original bytes),3689,23721f114c05a877ddda7b25b5a5f47c6079c633bb3a52791547c36e8d4773e1,byte-identical
app/xsl/sv_prot/izm/factor26_5.xsl,2974,e4008d0abbb21ba98dd5c4a16977495dfddd990f7f3c4d50b5713f8cb03692fc,utf-8 (original bytes),2974,e4008d0abbb21ba98dd5c4a16977495dfddd990f7f3c4d50b5713f8cb03692fc,byte-identical
app/xsl/sv_prot/izm/factor41.xsl,5257,f6137b50a6b54af2b704e9c9764fc9939f58fe4d76ceacbe63456bb552dd85a0,utf-8 (original bytes),5257,f6137b50a6b54af2b704e9c9764fc9939f58fe4d76ceacbe63456bb552dd85a0,byte-identical
app/xsl/sv_prot/izm/factor41_2.xsl,6938,aa3334d27bc030a0c5cfc99cd58221595da93d8569bc287f426ef1b1f0dccfa0,utf-8 (original bytes),6938,aa3334d27bc030a0c5cfc99cd58221595da93d8569bc287f426ef1b1f0dccfa0,byte-identical
app/xsl/sv_prot/izm/factor41_5.xsl,2974,e4008d0abbb21ba98dd5c4a16977495dfddd990f7f3c4d50b5713f8cb03692fc,utf-8 (original bytes),2974,e4008d0abbb21ba98dd5c4a16977495dfddd990f7f3c4d50b5713f8cb03692fc,byte-identical
app/xsl/sv_prot/nd_data1.xsl,1703,9e493d501c88e50a894d7b4af50f83d3baff92a6317eac3dfbc8e0c4a8fb241a,utf-8 (original bytes),1703,9e493d501c88e50a894d7b4af50f83d3baff92a6317eac3dfbc8e0c4a8fb241a,byte-identical
app/xsl/sv_prot/nd_data2.xsl,1703,855bee9c949a11de8c390977c096a18bcdd163b20cdc0f0704ef2437879800f1,utf-8 (original bytes),1703,855bee9c949a11de8c390977c096a18bcdd163b20cdc0f0704ef2437879800f1,byte-identical
app/xsl/sv_prot/org_data.xsl,3519,4d37540fa5afca2758ebb88ad026958ade8f843c76c0c81a3493ac25f4de8b6c,utf-8 (original bytes),3519,4d37540fa5afca2758ebb88ad026958ade8f843c76c0c81a3493ac25f4de8b6c,byte-identical
app/xsl/sv_prot/os_params.xsl,3717,9a549c4baa50177a112dce69244d5973838e1dad0e0ad9cf13a1178d630ac9e2,utf-8 (original bytes),3717,9a549c4baa50177a112dce69244d5973838e1dad0e0ad9cf13a1178d630ac9e2,byte-identical
app/xsl/sv_prot/si_all_data.xsl,3312,7de28887a6b9258d8b3ec93326b014a6085c2ddfc12436fac6487d4b5b7ebe54,utf-8 (original bytes),3312,7de28887a6b9258d8b3ec93326b014a6085c2ddfc12436fac6487d4b5b7ebe54,byte-identical
app/xsl/sv_prot/si_data.xsl,2370,4261518df7f9046899a28ecc6d3b4622c76ab2cd18cf4d29664fb3364386d153,utf-8 (original bytes),2370,4261518df7f9046899a28ecc6d3b4622c76ab2cd18cf4d29664fb3364386d153,byte-identical
app/xsl/sv_prot/si_nd_data.xsl,1964,66b6d1f174a7ffecf1a305991ccf2917e96b166a29fdafd2cb4cade68d932c7d,utf-8 (original bytes),1964,66b6d1f174a7ffecf1a305991ccf2917e96b166a29fdafd2cb4cade68d932c7d,byte-identical
app/xsl/sv_prot/si_os_data.xsl,2373,652814d06e9beeabfb0dfa8da58622e781054f7c373d611bce9b56ea693014c9,utf-8 (original bytes),2373,652814d06e9beeabfb0dfa8da58622e781054f7c373d611bce9b56ea693014c9,byte-identical
app/xsl/sv_prot/src_data.xsl,1957,a27df5a206adb8b2ed57f83c9f3ac99a300eb616d0e662170424045ffbeb1516,utf-8 (original bytes),1957,a27df5a206adb8b2ed57f83c9f3ac99a300eb616d0e662170424045ffbeb1516,byte-identical
app/xsl/sv_zakl/form312t1.xsl,2389,b371fe19c8b712e737331d40dad7d65b44520ea2ccb7c12f0e291904e848ef9d,utf-8 (original bytes),2389,b371fe19c8b712e737331d40dad7d65b44520ea2ccb7c12f0e291904e848ef9d,byte-identical
app/xsl/sv_zakl/form312t2.xsl,4097,8564f1dbcb189ef912896b29cdff1b84b2fab25609ef4b4ded31369ab8faa46b,utf-8 (original bytes),4097,8564f1dbcb189ef912896b29cdff1b84b2fab25609ef4b4ded31369ab8faa46b,byte-identical
app/xsl/sv_zakl/form313t1.xsl,2573,4aca00fd7a5e10389c938b30a677a211b286b9137e87b5df2c425b4d6348d735,utf-8 (original bytes),2573,4aca00fd7a5e10389c938b30a677a211b286b9137e87b5df2c425b4d6348d735,byte-identical
app/xsl/sv_zakl/form313t2.xsl,3595,db4dc4225fc3112c320484a886005377c366969a1334fa73167c4de2c630f623,utf-8 (original bytes),3595,db4dc4225fc3112c320484a886005377c366969a1334fa73167c4de2c630f623,byte-identical
app/xsl/sv_zakl/form313t3.xsl,3595,db4dc4225fc3112c320484a886005377c366969a1334fa73167c4de2c630f623,utf-8 (original bytes),3595,db4dc4225fc3112c320484a886005377c366969a1334fa73167c4de2c630f623,byte-identical
app/xsl/sv_zakl/form314t1.xsl,2573,4aca00fd7a5e10389c938b30a677a211b286b9137e87b5df2c425b4d6348d735,utf-8 (original bytes),2573,4aca00fd7a5e10389c938b30a677a211b286b9137e87b5df2c425b4d6348d735,byte-identical
app/xsl/sv_zakl/form314t2.xsl,3778,e40b07bbec97af95aae8d56ca72369dd8568bff740889a7c0b9516398ebcb212,utf-8 (original bytes),3778,e40b07bbec97af95aae8d56ca72369dd8568bff740889a7c0b9516398ebcb212,byte-identical
app/xsl/sv_zakl/form314t3.xsl,3900,1d5828d584d0c685451b4d33055c1eb6564ec719cabe3a8c4de148afc4a5def0,utf-8 (original bytes),3900,1d5828d584d0c685451b4d33055c1eb6564ec719cabe3a8c4de148afc4a5def0,byte-identical
app/xsl/sv_zakl/form315t1.xsl,2377,1c1f2c92f26c26ba630a2dee0f6869ee940cec4c153fceac81066ac2a7c8606d,utf-8 (original bytes),2377,1c1f2c92f26c26ba630a2dee0f6869ee940cec4c153fceac81066ac2a7c8606d,byte-identical
app/xsl/sv_zakl/form315t2.xsl,3287,3b7a55232ef8d892a101280a0c17891d7621f457cf0f840a065525a6a3d3ceea,utf-8 (original bytes),3287,3b7a55232ef8d892a101280a0c17891d7621f457cf0f840a065525a6a3d3ceea,byte-identical
app/xsl/sv_zakl/form315t3.xsl,3287,3b7a55232ef8d892a101280a0c17891d7621f457cf0f840a065525a6a3d3ceea,utf-8 (original bytes),3287,3b7a55232ef8d892a101280a0c17891d7621f457cf0f840a065525a6a3d3ceea,byte-identical
app/xsl/sv_zakl/form321t2.xsl,3496,b89d6c36c0295adc14df815d22e5dba74ca8b6ecbe7b1118930cee3ddebd0ae4,utf-8 (original bytes),3496,b89d6c36c0295adc14df815d22e5dba74ca8b6ecbe7b1118930cee3ddebd0ae4,byte-identical
app/xsl/sv_zakl/form321t3.xsl,3762,69a756be94fade82464e89ccd5f9d18d5c4162d9af6afd200cce0a54dac6ef9a,utf-8 (original bytes),3762,69a756be94fade82464e89ccd5f9d18d5c4162d9af6afd200cce0a54dac6ef9a,byte-identical
app/xsl/sv_zakl/form32t1.xsl,2008,354b8dea50d394f7af20657e7195fe2098f118991445239c441c32f0fe9334d9,utf-8 (original bytes),2008,354b8dea50d394f7af20657e7195fe2098f118991445239c441c32f0fe9334d9,byte-identical
app/xsl/sv_zakl/form32t2.xsl,3492,c06bae65235fcd33a7c297ad909bdf19f4f7f8d1dece7924a7f1b5d6ebf65300,utf-8 (original bytes),3492,c06bae65235fcd33a7c297ad909bdf19f4f7f8d1dece7924a7f1b5d6ebf65300,byte-identical
app/xsl/sv_zakl/form32t2_2.xsl,3781,41fd5e3dc31b572391649241ec4292c38d81c40f62d42b66590e30ad6945e61a,utf-8 (original bytes),3781,41fd5e3dc31b572391649241ec4292c38d81c40f62d42b66590e30ad6945e61a,byte-identical
app/xsl/sv_zakl/form32t3.xsl,3757,18110f57e18b12202b7f1e26f3a18c6b6ada266e83bf3a20a04239c9a2746316,utf-8 (original bytes),3757,18110f57e18b12202b7f1e26f3a18c6b6ada266e83bf3a20a04239c9a2746316,byte-identical
app/xsl/sv_zakl/form32t3_2.xsl,3990,ece2ba6bc5058a14c2fd031d88461daa3c5a23d3bc8746a7b0dbab3657582569,utf-8 (original bytes),3990,ece2ba6bc5058a14c2fd031d88461daa3c5a23d3bc8746a7b0dbab3657582569,byte-identical
app/xsl/sv_zakl/form32t4.xsl,2009,067473ffcdc0a0214d3ed2affe8bf9cbc428f8125f2c18ec608bb92d0d30fe54,utf-8 (original bytes),2009,067473ffcdc0a0214d3ed2affe8bf9cbc428f8125f2c18ec608bb92d0d30fe54,byte-identical
app/xsl/sv_zakl/form3t1.xsl,2897,e8605c3fec5612038e315d0867d07162fc23b67640e1daab6b9f739bdcd31bf2,utf-8 (original bytes),2897,e8605c3fec5612038e315d0867d07162fc23b67640e1daab6b9f739bdcd31bf2,byte-identical
app/xsl/sv_zakl/form3t2.xsl,4095,d690163619445d07c8932e4c08b4573338ac2c357c5b48c0fb18fec96401a565,utf-8 (original bytes),4095,d690163619445d07c8932e4c08b4573338ac2c357c5b48c0fb18fec96401a565,byte-identical
app/xsl/sv_zakl/form3t3.xsl,4056,58ac32f62a06a3d429863cf2a7882bdc476e95b420b3d1fc9e4eb9fb156768b8,utf-8 (original bytes),4056,58ac32f62a06a3d429863cf2a7882bdc476e95b420b3d1fc9e4eb9fb156768b8,byte-identical
app/xsl/sv_zakl/form4t1.xsl,2748,88b3d2b9c285e6bf1ca06d1cc4d44d2a9c1593170714a1d4b70e4a22976d930a,utf-8 (original bytes),2748,88b3d2b9c285e6bf1ca06d1cc4d44d2a9c1593170714a1d4b70e4a22976d930a,byte-identical
app/xsl/sv_zakl/form4t2.xsl,2542,ec8f2a6cb26b3bc436c9b7e41bff822ebe6affbe5795ceea61b43cfd1db38349,utf-8 (original bytes),2542,ec8f2a6cb26b3bc436c9b7e41bff822ebe6affbe5795ceea61b43cfd1db38349,byte-identical
app/xsl/sv_zakl/form4t2_1.xsl,3081,11902950e855ad4f8f6b94dc61600d85dd1d627a7937c8879a01acc333ee15bb,utf-8 (original bytes),3081,11902950e855ad4f8f6b94dc61600d85dd1d627a7937c8879a01acc333ee15bb,byte-identical
app/xsl/sv_zakl/form4t3.xsl,2542,ec8f2a6cb26b3bc436c9b7e41bff822ebe6affbe5795ceea61b43cfd1db38349,utf-8 (original bytes),2542,ec8f2a6cb26b3bc436c9b7e41bff822ebe6affbe5795ceea61b43cfd1db38349,byte-identical
app/xsl/sv_zakl/form4t4.xsl,2542,ec8f2a6cb26b3bc436c9b7e41bff822ebe6affbe5795ceea61b43cfd1db38349,utf-8 (original bytes),2542,ec8f2a6cb26b3bc436c9b7e41bff822ebe6affbe5795ceea61b43cfd1db38349,byte-identical
app/xsl/sv_zakl/sv_zakl_from1.xsl,12978,8419f9686f5be5cb85360ed2c99a2329a16701b34e7d22b74699ffc43986a35c,utf-8 (original bytes),12978,8419f9686f5be5cb85360ed2c99a2329a16701b34e7d22b74699ffc43986a35c,byte-identical
